Name,Address,Phone
Chandler - Riggs and Gilbert,"2935 E Riggs Rd, Chandler AZ 85249",(480) 802-1970
Chandler - Queen Creek and Alma School,"3145 S Alma School Rd, Chandler AZ 85248",(480) 899-7102
Chandler - McClintock and Ray,"4060 W Ray Rd, Chandler AZ 85226",(480) 491-1026
Gilbert - Lindsay and Warner,"861 E Warner Rd, Gilbert AZ 85296",(480) 558-0105
Glendale - 51st Ave and Cactus,"5040 W Cactus Rd, Glendale AZ 85304",(602) 843-1871
Lake Havasu City Mccullock,"1980 Mcculloch Blvd, Lake Havasu City AZ 86403",(928) 854-5300
Indian School and Dysart,"12970 W Indian School Rd, Litchfield Park AZ 85340",(623) 535-7991
Mesa - Baseline and Dobson,"1951 W Baseline Rd, Mesa AZ 85202",(480) 456-4373
Mesa - Power and McDowell,"2727 N Power Rd, Mesa AZ 85215",(480) 396-9282
Mesa - Broadway and Power,"325 S Power Rd, Mesa AZ 85206",(480) 924-9001
Mesa - Val Vista and University,"441 N Val Vista Dr, Mesa AZ 85213",(480) 830-5132
Mesa - Baseline and Ellsworth,"9243 E Baseline Rd, Mesa AZ 85209",(480) 986-3060
Peoria - 83rd Avenue and Deer Valley,"8240 W Deer Valley Rd, Peoria AZ 85382",(623) 572-5744
Peoria - Bell and 91st,"8950 W Bell Rd, Peoria AZ 85382",(623) 876-8103
Phoenix - Cave Creek and Union Hills,"18411 N Cave Creek Rd, Phoenix AZ 85032",(602) 494-7388
Phoenix - Tatum Blvd and Deer Valley,"21001 N Tatum Blvd Suite 76, Phoenix AZ 85050",(480) 342-8231
Phoenix - Carefree Hwy and I - 17,"3130 W Carefree Hwy, Phoenix AZ 85086",(623) 582-4985
Phoenix - 19th Avenue and Northern,"8035 N 19th Ave, Phoenix AZ 85021",(602) 678-0895
Scottsdale,"11475 E Via Linda, Scottsdale AZ 85259",(480) 767-0819
Scottsdale - Thomas and Scottsdale,"2785 N Scottsdale Rd, Scottsdale AZ 85257",(480) 947-6977
Scottsdale - Hayden and Indian Bend,"6965 N Hayden Rd, Scottsdale AZ 85250",(480) 991-9707
Surprise - Grand and Reems,"14551 W Grand Ave, Surprise AZ 85374",(623) 546-8038
Tucson - Silverbell,"1350 N Silverbell Rd, Tucson AZ 85745",(520) 623-7449
Tucson - Campbell and Glenn,"2854 N Campbell Ave, Tucson AZ 85719",(520) 321-1212
Tucson - River and La Canada,"5085 N La Canada Dr, Tucson AZ 85704",(520) 696-0325
Tucson - Grant and Tanque Verde,"6600 E Grant Rd, Tucson AZ 85715",(520) 885-6109
Tucson - Lacholla and Ina,"7300 N La Cholla Blvd, Tucson AZ 85741",(520) 575-0993
Tucson - Broadway and Harrison,"9595 E Broadway, Tucson AZ 85748",(520) 751-7699
Yuma - 24th Street and Avenue B,"2378 W 24th St, Yuma AZ 85364",(928) 343-2330
Yuma - 32nd,"252 W 32nd St, Yuma AZ 85364",(928) 726-9500
Texarkana - State Line & 39th,"3710 State Line Ave, Texarkana AR 71854",(870) 774-3146
Commonwealth & Fremont,"2400 W Commonwealth Ave, Alhambra CA 91803",(626) 293-7100
Alpine Blvd & S Grade Rd,"2955 Alpine Blvd, Alpine CA 91901",(619) 445-0231
State College & South,"810 S State College Blvd, Anaheim CA 92806",(714) 533-4790
Hwy 18 & Thunderbird,"20261 Hwy 18, Apple Valley CA 92307",(760) 242-3660
Tyler & Live Oak,"298 E Live Oak Ave, Arcadia CA 91006",(626) 446-1416
Hwy 58 & Allen,"13045 Rosedale Hwy, Bakersfield CA 93314",(661) 587-0153
Chester & Brundage,"1520 Brundage Ln, Bakersfield CA 93304",(661) 328-0818
Columbus & Mt Vernon,"2691 Mt Vernon Ave, Bakersfield CA 93306",(661) 872-3511
Wilba & Panama,"3500 Panama Ln, Bakersfield CA 93313",(661) 827-0394
Coffee & Olive,"6045 Coffee Rd, Bakersfield CA 93308",(661) 587-2870
White and Gosford,"7900 White Ln, Bakersfield CA 93309",(661) 836-9691
Stockdale & Coffee,"8200 E Stockdale Hwy, Bakersfield CA 93311",(661) 833-6071
Banning,"300 S Highland Springs Ave #7, Banning CA 92220",(951) 769-1779
Blythe,"840 E Hobson Way, Blythe CA 92225",(760) 922-4099
Kraemer & Imperial Hwy,"2500 E Imperial Hwy, Brea CA 92821",(714) 671-1180
Buellton,"222 E Hwy 246, Buellton CA 93427",(805) 693-1069
Lincoln & Valley View,"8880 Valley View St, Buena Park CA 90620",(714) 236-8200
Agoura Rd & Las Virgenes,"26521 Agoura Rd, Calabasas CA 91302",(818) 880-9080
Casitas Pass & Carpinteria,"1018 Casitas Pass Rd, Carpinteria CA 93013",(805) 684-4815
Sepulveda & Main,"200 E Sepulveda Blvd, Carson CA 90745",(310) 513-1900
Central & Philadelphia,"12013 Central Ave, Chino CA 91710",(909) 464-1594
Los Serranos & Soquel Canyon,"15970 Los Serranos Country Club Dr, Chino Hills CA 91709",(909) 606-8184
Chino Hills,"3255 Grand Ave, Chino Hills CA 91709",(909) 590-3660
3rd & J Street,"720 3rd Ave, Chula Vista CA 91910",(619) 498-5160
Ontario & Rimpau,"1260 E Ontario Ave, Corona CA 92881",(951) 734-8451
Foothill Pkwy & Main,"260 W Foothill Pkwy, Corona CA 92882",(951) 340-1425
Schleisman & Archibald,"7070 Archibald Ave, Corona CA 92880",(951) 279-0333
Del Obispo & Stonehill,"33601 Del Obispo St, Dana Point CA 92629",(949) 496-7900
Diamond Bar & Grand,"1235 S Diamond Bar Blvd, Diamond Bar CA 91765",(909) 861-6207
Firestone and Rives,"7676 Firestone Blvd, Downey CA 90241",(562) 869-9670
El Cajon,"1608 Broadway St, El Cajon CA 92021",(619) 579-3127
Jamacha Rd & Campo Rd,"2899 Jamacha Rd, El Cajon CA 92019",(619) 660-9717
East Valley Parkway & Rose,"1509 E Valley Pkwy, Escondido CA 92027",(760) 735-5131
9th & Valley,"1570 W Valley Pkwy, Escondido CA 92029",(760) 738-1669
Mission & Ammunition,"1133 S Mission Rd, Fallbrook CA 92028",(760) 723-8177
Brookhurst & Edinger,"16061 Brookhurst St, Fountain Valley CA 92708",(714) 531-0417
Brookhurst & Ellis,"18579 Brookhurst, Fountain Valley CA 92708",(714) 963-7503
N Placentia & Yorba Linda,"1930 N Placentia Ave, Fullerton CA 92831",(714) 792-2880
Gilbert & Malvern,"2291 W Malvern Ave, Fullerton CA 92833",(714) 992-6099
Artesia & Western,"1735 W Artesia Blvd, Gardena CA 90248",(310) 380-4620
Alosta & Glendora,"133 W Route 66, Glendora CA 91740",(626) 963-5358
Calle Real & Fairview,"5801 Calle Real, Goleta CA 93117",(805) 964-2318
Hollister & Pacific Oaks,"7127 Hollister Ave #27, Goleta CA 93117",(805) 968-3558
Boulder & Baseline,"7201 Boulder Ave, Highland CA 92346",(909) 425-9100
Bolsa Chica & Heil,"16600 Bolsa Chica St, Huntington Beach CA 92649",(714) 846-9431
Beach & Adams,"19640 Beach Blvd, Huntington Beach CA 92648",(714) 964-7979
Yorktown,"7201 Yorktown Ave, Huntington Beach CA 92648",(714) 536-6449
Jeffrey & Trabuco,"14201 Jeffrey Rd, Irvine CA 92620",(949) 733-0698
Irvine,"4541 Campus Dr, Irvine CA 92612",(949) 854-8282
Shady Oak Canyon & I - 405,"6601 Quail Hill Pkwy, Irvine CA 92603",(949) 509-6109
Whittier & Beach,"1800 W Whittier Blvd, La Habra CA 90631",(562) 697-6442
Fletcher Parkway,"8920 Fletcher Pkwy, La Mesa CA 91942",(619) 667-4343
Rosecrans & La Mirada Blvd,"15200 Rosecrans Ave, La Mirada CA 90638",(714) 521-2310
Crown Valley & Antonio,"27702 Crown Valley Pkwy Suite B, Ladera Ranch CA 92694",(949) 364-2040
Alicia & Niguel,"29941 Alicia Pkwy, Laguna Niguel CA 92677",(949) 495-1891
Golden Lantern & Marina Hills,"30241 Golden Lantern, Laguna Niguel CA 92677",(949) 363-0456
North Lake Elsinore,"30901 Riverside Dr, Lake Elsinore CA 92530",(951) 245-4461
Muirlands & Ridge Route,"24251 Muirlands Blvd, Lake Forest CA 92630",(949) 581-1642
Winter Gardens & Winter Crest,"9560 Winter Gardens Blvd, Lakeside CA 92040",(619) 561-5521
Del Amo & Clark,"5015 Del Amo Blvd, Lakewood CA 90712",(562) 634-0405
20th Street West & Ave K,"43543 20th St W, Lancaster CA 93534",(661) 940-4747
Broadway & Massachusetts,"7090 Broadway, Lemon Grove CA 91945",(619) 463-4418
Lompoc,"1500 N H St, Lompoc CA 93436",(805) 736-3948
East Willow,"101 E Willow St, Long Beach CA 90806",(562) 988-8785
Hillhurst & Ambrose,"2035 Hillhurst Ave, Los Angeles CA 90027",(323) 660-0687
Crenshaw & Martin Luther King,"3901 Crenshaw Blvd, Los Angeles CA 90008",(323) 295-1919
Alicia & Olympiad,"23072 Alicia Pkwy, Mission Viejo CA 92692",(949) 583-7337
Montebello,"2469 Via Campo St, Montebello CA 90640",(323) 888-2250
Morro Bay,"730 Quintana Rd, Morro Bay CA 93442",(805) 772-0670
I - 215 & Scott Road,"28047 Scott Rd, Murrieta CA 92563",(951) 246-1586
Hwy 79 & Murrieta,"39140 Winchester Rd, Murrieta CA 92563",(951) 600-4461
Murrieta,"41000 California Oaks Rd, Murrieta CA 92562",(951) 600-1027
Newbury Park,"541 S Reino Rd, Newbury Park CA 91320",(805) 499-7795
Nordhoff & Balboa,"9022 Balboa Blvd, Northridge CA 91325",(818) 894-6415
Marron & College,"3450 Marron Rd, Oceanside CA 92056",(760) 729-3468
Mission & Douglas,"3925 Mission Ave, Oceanside CA 92058",(760) 433-8107
Oceanside & College,"4150 Oceanside Blvd, Oceanside CA 92056",(760) 940-8282
Chapman & Hewes,"4550 E Chapman Ave, Orange CA 92869",(714) 771-3139
Chapman & Jamboree,"8440 E Chapman Ave, Orange CA 92869",(714) 771-6996
Tustin & Collins,"940 N Tustin Ave, Orange CA 92867",(714) 633-2570
Orcutt,"1120 E Clark Ave, Orcutt CA 93455",(805) 934-4472
Washington & 42nd Streets,"42095 Washington St, Palm Desert CA 92211",(760) 360-6322
Highway 111 & Deep Canyon Rd,"74590 Hwy 111, Palm Desert CA 92260",(760) 346-2566
Sunrise & Vista Chino,"1751 N Sunrise Way #1, Palm Springs CA 92262",(760) 864-1141
Tierra Subida & Lake Elizabeth,"38727 Tierra Subida Ave, Palmdale CA 93551",(661) 274-9557
Paso Robles,"189 Niblick Rd, Paso Robles CA 93446",(805) 237-1626
Main & 14th St,"1459 Main St, Ramona CA 92065",(760) 789-0023
Milliken & Highland,"11358 Kenyon Way, Rancho Cucamonga CA 91701",(909) 941-7166
Foothill,"8850 Foothill Blvd, Rancho Cucamonga CA 91730",(909) 484-7237
Monterey & Country Club,"40101 Monterey Ave, Rancho Mirage CA 92270",(760) 674-4769
Cypress & Redlands Blvd,"450 E Cypress Ave, Redlands CA 92373",(909) 792-1114
Tampa & Saticoy,"19307 Saticoy St, Reseda CA 91335",(818) 772-0010
Ridgecrest,"1301 N Norma St, Ridgecrest CA 93555",(760) 446-2544
China Lake & Bowman,"927 S China Lake Blvd, Ridgecrest CA 93555",(760) 384-4015
Van Buren & Lincoln,"2975 Van Buren Blvd, Riverside CA 92503",(951) 689-2252
Van Buren & Trautwein,"8938 Trautwein Rd, Riverside CA 92508",(951) 656-6603
Rosamond,"2547 Rosamond, Rosamond CA 93560",(661) 256-0756
Avenida Pico & Presidio,"804 Avenida Pico, San Clemente CA 92673",(949) 492-1755
Rancho,"12475 Rancho Bernardo Rd, San Diego CA 92128",(858) 385-9223
14th & Market,"655 14th St, San Diego CA 92101",(619) 237-1247
Lake Murray & Navajo,"8650 Lake Murray Blvd, San Diego CA 92119",(619) 697-8896
San Dimas,"220 E Bonita Ave, San Dimas CA 91773",(909) 599-8836
Woodland & Mission,"151 Woodland Pkwy, San Marcos CA 92069",(760) 736-8880
San Elijo & Elfin Forest,"1571 San Elijo Rd S, San Marcos CA 92078",(760) 798-1058
Rancho Santa Fe & San Marcos B,"1929 W San Marcos Blvd, San Marcos CA 92078",(760) 598-7272
San Padro - South Western,"28090 S Western Ave, San Pedro CA 90732",(310) 831-1323
17th & Tustin,"2000 E 17th St, Santa Ana CA 92705",(714) 541-9100
Broadway & McCoy,"2320 S Broadway, Santa Maria CA 93454",(805) 346-2077
Bouquet Cyn & Haskell Cyn,"27631 W Bouquet Canyon Rd, Saugus CA 91350",(661) 296-9655
Madera & Royal,"1268 Madera Rd, Simi Valley CA 93065",(805) 520-9306
Sweetwater Rd & Hwy 54,"543 Sweetwater Rd, Spring Valley CA 91977",(619) 461-5700
Campo & Bonita,"9831 Campo Rd, Spring Valley CA 91977",(619) 462-6290
Hwy 33 & 10th Street,"1044 W Kern St, Taft CA 93268",(661) 765-4944
Tehachapi,"775 S Tucker Rd, Tehachapi CA 93561",(661) 823-7090
Rancho Calif Rd & Margarita,"30530 Rancho California Rd, Temecula CA 92591",(951) 694-0244
Hwy 79 & Margarita Rd,"31960 Temecula Pkwy, Temecula CA 92592",(951) 303-1133
Foothill & Lowell,"6240 Foothill Blvd, Tujunga CA 91042",(818) 248-2745
1st & Newport,"13270 Newport Ave, Tustin CA 92780",(714) 544-8525
Upland,"1910 N Campus Ave, Upland CA 91784",(909) 946-4447
Copperhill & Rancho Ave Tesoro,"23850 Copperhill Dr, Valencia CA 91354",(661) 775-0163
Vista & Foothill Bobier,"1301 E Vista Way, Vista CA 92084",(760) 806-2785
Melrose & Live Oak,"1601 S Melrose Dr, Vista CA 92081",(760) 598-0142
Westminster & Golden West,"6755 Westminster Blvd, Westminster CA 92683",(714) 898-3668
I - 15 & Clinton Keith,"23893 Clinton Keith Rd, Wildomar CA 92595",(951) 600-4607
Durango,"311 W College Dr, Durango CO 81301",(970) 382-2224
Pueblo - Highway 50 and Outlook,"1601 Hwy 50 W, Pueblo CO 81008",(719) 543-5671
Hitt & 17th,"1901 S 25th E, Ammon ID 83406",(208) 524-8100
Overland & Five Mile,"10500 W Overland Rd, Boise ID 83709",(208) 377-0932
Lake Hazel,"10565 W Lake Hazel Rd, Boise ID 83709",(208) 319-0880
Five Mile & Ustick,"10700 W Ustick Rd, Boise ID 83713",(208) 322-7744
Broadway,"1219 S Broadway Ave, Boise ID 83706",(208) 336-5278
Cole Road,"1520 N Cole Rd, Boise ID 83704",(208) 375-2542
16th & State,"1650 W State St, Boise ID 83702",(208) 342-5651
Vista & Overland,"1653 S Vista Ave, Boise ID 83705",(208) 331-1953
36th & State,"3614 W State St, Boise ID 83703",(208) 426-9614
Eagle & McMillan,"4700 N Eagle Rd, Boise ID 83713",(208) 939-5145
Overland & Orchard,"5100 W Overland Rd, Boise ID 83705",(208) 336-1372
Columbia Village,"6560 S Federal Way, Boise ID 83716",(208) 429-1084
Gary Lane,"7100 W State St, Boise ID 83714",(208) 342-2756
Parkcenter & Apple,"909 E Parkcenter Blvd, Boise ID 83706",(208) 345-3180
East Caldwell,"2500 Blaine St, Caldwell ID 83605",(208) 454-1271
Caldwell,"415 Cleveland Blvd, Caldwell ID 83605",(208) 459-3411
Eagle,"250 S Eagle Rd, Eagle ID 83616",(208) 939-9850
Emmett,"640 Hwy 16, Emmett ID 83617",(208) 365-4420
Hailey,"911 N Main St, Hailey ID 83333",(208) 788-6709
Homedale,"20 E Wyoming Ave, Homedale ID 83628",(208) 337-4679
Skyline,"1705 W Broadway St, Idaho Falls ID 83402",(208) 522-3392
17th Street,"590 E 17th St, Idaho Falls ID 83404",(208) 523-0950
Kuna,"700 E Avalon St, Kuna ID 83634",(208) 922-9834
Lewiston,"1024 21st St, Lewiston ID 83501",(208) 743-1561
McCall,"132 E Lake St, McCall ID 83638",(208) 634-8166
Meridian,"20 E Fairview Ave, Meridian ID 83642",(208) 888-4792
Cherry & Ten Mile,"3301 W Cherry Ln, Meridian ID 83642",(208) 884-5471
Eagle and Fairview,"3499 E Fairview Ave, Meridian ID 83642",(208) 605-3752
S Eagle Rd & Amity,"4657 S Eagle Rd, Meridian ID 83642",(208) 272-9727
Meridian,"528 N Main St, Mountain Home ID 83647",(208) 587-5460
Greenhurst & 12th,"2400 12th Ave Rd, Nampa ID 83686",(208) 465-6597
Nampa,"715 12th Ave S, Nampa ID 83651",(208) 466-2481
Payette,"405 S Main St, Payette ID 83661",(208) 642-9075
4th & Benton,"330 E Benton St, Pocatello ID 83201",(208) 233-0455
Rexburg,"490 N 2nd E, Rexburg ID 83440",(208) 356-0555
Highbrook Way,"210 N Highbrook Way, Star ID 83669",(208) 272-9440
Twin Falls,"1221 Addison Ave E, Twin Falls ID 83301",(208) 733-3573
Alexandria,"2265 S MacArthur Dr, Alexandria LA 71301",(318) 487-9395
Baton Rouge - Airline and Highland,"15128 Airline Hwy, Baton Rouge LA 70817",(225) 751-2808
Baton Rouge - Coursey and Jones Creek,"15232 George O'Neal Rd, Baton Rouge LA 70817",(225) 753-0700
Baton Rouge - College & I-10,"2950 College Dr, Baton Rouge LA 70808",(225) 924-6084
Baton Rouge - Government and Foster,"4857 Government St, Baton Rouge LA 70806",(225) 216-7226
Baton Rouge - Perkins and Essen,"7515 Perkins Rd, Baton Rouge LA 70808",(225) 769-6100
Baton Rouge - Airline and Old Hammond,"9650 Airline Hwy, Baton Rouge LA 70815",(225) 926-9304
Baton Rouge - Bluebonnet and Burbank,"9960 Bluebonnet Blvd, Baton Rouge LA 70810",(225) 768-7775
Broussard,"1210 Albertson Pkwy, Broussard LA 70518",(337) 839-1717
Hammond,"1801 W Thomas St, Hammond LA 70401",(985) 542-9720
Lafayette - Johnston,"2678 Johnston St, Lafayette LA 70503",(337) 233-2940
Lafayette - Ambassador Caffery and Congress,"2863 Ambassador Caffery, Lafayette LA 70506",(337) 406-8887
Lafayette - Ambassador Caffery,"4400 Ambassador Caffery, Lafayette LA 70508",(337) 984-4587
Lake Charles - Country Club and Ihles,"2750 Country Club Rd, Lake Charles LA 70605",(337) 480-0424
Lake Charles,"4060 Ryan St S, Lake Charles LA 70605",(337) 478-8995
Shreveport - Southfield & Kings Highway,"105 E Southfield Rd, Shreveport LA 71105",(318) 869-1646
Anaconda,"1300 E Park Ave, Anaconda MT 59711",(406) 563-5238
Belgrade,"6999 Jackrabbit Ln, Belgrade MT 59714",(406) 388-0901
13th & Grand,"1212 Grand Ave, Billings MT 59102",(406) 245-4118
24th Central,"2334 Central Ave, Billings MT 59102",(406) 656-8160
Grand & Rehberg,"3137 Grand Ave, Billings MT 59102",(406) 652-8370
6th & Central,"511 Central Ave, Billings MT 59102",(406) 245-0115
Grand & 52nd,"5317 Grand Ave, Billings MT 59106",(406) 371-2755
27th Street,"611 N 27th St, Billings MT 59101",(406) 248-7474
Billings Heights,"670 Main St, Billings MT 59105",(406) 245-8792
West Bozeman,"200 S 23rd Ave, Bozeman MT 59718",(406) 586-4785
Cut Bank,"501 W Main St, Cut Bank MT 59427",(406) 873-5035
Glasgow,"54181 US Hwy 2, Glasgow MT 59230",(406) 228-8252
Glendive,"307 N Harmon St, Glendive MT 59330",(406) 365-3324
3rd NW,"1414 3rd St NW, Great Falls MT 59404",(406) 761-6800
10th Avenue,"2250 10th Ave S, Great Falls MT 59405",(406) 727-3700
Hamilton,"1313 N 1st St, Hamilton MT 59840",(406) 363-4555
Harlem,"117 Main St S, Harlem MT 59526",(406) 353-2225
Montana & Custer,"3151 N Montana Ave, Helena MT 59602",(406) 443-8557
Helena,"600 Fee St, Helena MT 59601",(406) 442-1052
Kalispell,"900 W Idaho St, Kalispell MT 59901",(406) 257-7127
1st Ave and Railroad St,"205 S 1st Ave, Laurel MT 59044",(406) 812-3185
Lewistown,"117 W Janeaux St, Lewistown MT 59457",(406) 538-5454
Livingston,"2120 W Park St, Livingston MT 59047",(406) 222-1177
Malta,"30 S 3rd St E, Malta MT 59538",(406) 654-2041
Miles City,"519 S Haynes Ave, Miles City MT 59301",(406) 232-2580
East Broadway,"1003 E Broadway St, Missoula MT 59802",(406) 549-2351
Oxford,"2205 Oxford St, Missoula MT 59801",(406) 549-5105
North Reserve,"2230 N Reserve St, Missoula MT 59808",(406) 728-1116
Russell & Higgins,"3800 Russell St, Missoula MT 59801",(406) 549-1547
Tooele,"130 5th Ave N, Shelby MT 59474",(406) 434-5581
Wolf Point,"415 Blaine St, Wolf Point MT 59201",(406) 653-1700
Boulder City,"1008 Nevada Hwy, Boulder City NV 89005",(702) 293-7611
Elko,"2582 Idaho St, Elko NV 89801",(775) 738-8016
Henderson - Boulder Hwy,"190 N Boulder Hwy, Henderson NV 89015",(702) 565-3068
Stephanie & Horizon,"201 S Stephanie St, Henderson NV 89012",(702) 269-1502
Anthem & Bicentennial,"2910 Bicentennial Pkwy, Henderson NV 89044",(702) 567-1023
College & Horizon,"575 College Dr, Henderson NV 89015",(702) 568-0115
Rainbow & Charleston,"1001 S Rainbow Blvd, Las Vegas NV 89145",(702) 877-3338
Hualapai & Flamingo,"10140 W Flamingo Rd, Las Vegas NV 89147",(702) 562-1745
Charleston & Town Center,"10250 W Charleston Blvd, Las Vegas NV 89135",(702) 838-4322
Desert Foothills & Charleston Blvd,"11720 W Charleston Blvd, Las Vegas NV 89135",(702) 363-1153
Flamingo & Maryland,"1300 E Flamingo Rd, Las Vegas NV 89119",(702) 733-2947
Vegas & Buffalo,"1650 N Buffalo Dr, Las Vegas NV 89128",(702) 562-6079
Charleston & Burnham,"1760 E Charleston Blvd, Las Vegas NV 89104",(702) 366-1550
Las Vegas - Village Center Cir,"1940 Village Center Circle, Las Vegas NV 89134",(702) 341-0308
Fort Apache & Sahara,"2550 S Fort Apache Rd, Las Vegas NV 89117",(702) 242-1138
Vegas Valley & Nellis,"2835 S Nellis Blvd, Las Vegas NV 89121",(702) 457-1491
Desert Inn & Pecos,"2885 E Desert Inn Rd, Las Vegas NV 89121",(702) 792-7156
Flamingo & Durango,"4055 S Durango Dr, Las Vegas NV 89147",(702) 869-1474
Blue Diamond and Decatur,"4800 Blue Diamond Rd, Las Vegas NV 89139",(702) 260-0318
Craig & Decatur,"4850 W Craig Rd, Las Vegas NV 89130",(702) 515-1455
Boulder Hwy,"5500 Boulder Hwy, Las Vegas NV 89122",(702) 435-6777
Sloan & Charleston,"5881 E Charleston Blvd, Las Vegas NV 89142",(702) 457-1400
Tropicana & Jones,"5975 W Tropicana Ave, Las Vegas NV 89103",(702) 889-2000
N Hualapai Way,"6730 N Hualapai Way, Las Vegas NV 89149",(702) 670-4942
E Lake Mead,"6885 E Lake Mead Blvd, Las Vegas NV 89156",(702) 453-0845
Ann & Drexel,"7075 W Ann Rd, Las Vegas NV 89130",(702) 839-2727
Tenaya & Craig,"7151 W Craig Rd, Las Vegas NV 89129",(702) 839-9034
Eastern & Warm Springs,"7271 S Eastern Ave, Las Vegas NV 89119",(702) 269-7166
Rainbow & Warm Springs,"7350 S Rainbow Blvd, Las Vegas NV 89139",(702) 739-1033
Las Vegas  - Blue Diamond,"7975 Blue Diamond Rd, Las Vegas NV 89178",(702) 614-4221
W Cheyenne & Soaring Gulls Dr,"8350 W Cheyenne Ave, Las Vegas NV 89129",(702) 395-2700
El Capitan & Farm,"8410 Farm Rd, Las Vegas NV 89131",(702) 658-2030
Silverado & Maryland,"9725 S Maryland Pkwy, Las Vegas NV 89183",(702) 616-1946
North Las Vegas - Ann & Simmons,"3010 W Ann Rd, North Las Vegas NV 89031",(702) 656-3103
Albertsons -  6041,"200 S Hwy 160, Pahrump NV 89048",(775) 751-0160
Main St,"4909 E Main St, Farmington NM 87402",(505) 325-1486
Gallup - Zecca Plaza,"1702 E 66th Ave, Gallup NM 87301",(505) 722-4457
Las Cruces - Las Cruces,"1285 S El Paseo Rd, Las Cruces NM 88001",(575) 523-5538
Las Cruces - North Las Cruces,"2501 N Main St, Las Cruces NM 88001",(575) 524-1980
Las Cruces - Telshor and Lohman,"2551 E Lohman Ave, Las Cruces NM 88011",(575) 521-9837
Silver City,"1956 Hwy 180 E, Silver City NM 88061",(575) 388-1909
Williston,"20 26th St E, Williston ND 58801",(701) 572-1097
Ashland,"2301 Ashland St, Ashland OR 97520",(541) 482-6320
Campbell,"1120 Campbell St, Baker City OR 97814",(541) 524-0412
1800 NE,"1800 NE 3rd St, Bend OR 97701",(541) 382-3661
Central Point,"1360 Plaza Blvd, Central Point OR 97502",(541) 665-3761
Eugene,"1675 W 18th Ave, Eugene OR 97402",(541) 485-7027
Hilyard,"3075 Hilyard St, Eugene OR 97405",(541) 687-1742
Coburg & Oakmont,"311 Coburg Rd, Eugene OR 97401",(541) 342-7635
Royal & Danebo,"4740 Royal Ave, Eugene OR 97402",(541) 688-6497
Division & River Road,"55 Division Ave, Eugene OR 97404",(541) 689-3960
Allen Creek,"1690 Allen Creek Rd, Grants Pass OR 97527",(541) 471-2148
219th & Baseline,"7500 SW Baseline Rd, Hillsboro OR 97123",(503) 591-7557
Klamath Falls,"5500 S 6th St, Klamath Falls OR 97603",(541) 882-7239
Boones,"16199 Boones Ferry Rd, Lake Oswego OR 97035",(503) 635-3429
Baker & Keck,"615 SW Keck Dr, McMinnville OR 97128",(503) 474-1087
Jacksonville & Ross,"113 Ross Ln, Medford OR 97501",(541) 858-5937
Barnett & Phoenix,"910 N Phoenix Rd, Medford OR 97504",(541) 770-7050
West Ontario,"1410 Westpark Plaza, Ontario OR 97914",(541) 889-9123
Oregon City,"19007 S Beavercreek Rd, Oregon City OR 97045",(503) 657-3248
181st & Glisan,"451 NE 181st St, Portland OR 97230",(503) 666-3801
Shattuck,"5415 SW Beaverton Hwy, Portland OR 97221",(503) 246-1713
Cully,"5850 NE Prescott, Portland OR 97218",(503) 284-5083
Edenbower & Stewart,"3013 NW Stewart Pkwy, Roseburg OR 97471",(541) 957-9224
Springfield,"2000 Marcola Rd, Springfield OR 97477",(541) 746-8850
East Springfield,"5755 S Main St, Springfield OR 97478",(541) 746-1653
Arlington - Southwest Plaza,"301 SW Plaza Shopping Center, Arlington TX 76016",(817) 478-4291
Arlington - Cooper & Sublett,"5950 S Cooper St, Arlington TX 76017",(817) 557-0185
Arlington - Sublett & Hwy 287,"6220 US Hwy 287, Arlington TX 76001",(817) 478-8901
Azle,"480 Northwest Pkwy, Azle TX 76020",(817) 270-1116
Bedford - Airport Freeway,"1300 Airport Freeway, Bedford TX 76022",(817) 354-0622
Burleson,"833 NE Alsbury Blvd, Burleson TX 76028",(817) 447-9106
Carrollton - Josey Lane,"2150 N Josey Ln, Carrollton TX 75006",(972) 446-8226
Cedar Hill,"427 E FM 1382, Cedar Hill TX 75104",(972) 291-9863
Cleburne,"210 W Katherine P Raines, Cleburne TX 76033",(817) 641-2002
Corinth,"4351 FM 2181, Corinth TX 76210",(940) 321-4540
Dallas - Buckner & Garland,"320 Casa Linda Plaza, Dallas TX 75218",(214) 319-7919
Denison Crawford Street,"200 W Crawford St, Denison TX 75020",(903) 463-6076
Denton - University & Bonnie Brae,"2321 W University Dr, Denton TX 76201",(940) 383-2391
El Paso - Kenworth and Patriot,"10765 Kenworthy, El Paso TX 79924",(915) 821-2006
El Paso - Montwood and George Dieter,"11320 Montwood Dr, El Paso TX 79936",(915) 855-9761
El Paso - Yarbrough and Montwood,"2200 Yarbrough Dr, El Paso TX 79925",(915) 591-9477
El Paso - Mesa and Gregory,"3100 Mesa St, El Paso TX 79902",(915) 351-1002
Zaragoza Rd & Pebble Hills,"3150 N Zaragoza Rd, El Paso TX 79938",(915) 995-3595
El Paso - Montana and Chelsea,"5200 Montana Ave, El Paso TX 79903",(915) 778-8996
El Paso - I - 10 and Redd,"5630 N Desert Blvd, El Paso TX 79912",(915) 845-5069
El Paso - Mesa and Resler,"7022 N Mesa St, El Paso TX 79912",(915) 584-9460
Euless - Harwood & Main,"1155 N Main St, Euless TX 76039",(817) 354-9195
Fort Worth - Sycamore School & McCart,"3525 Sycamore School Rd, Fort Worth TX 76133",(817) 346-6497
Fort Worth - Alton Road & S Hill Ave,"3563 Alton Rd, Fort Worth TX 76109",(817) 548-1415
Fort Worth - Beach & Western Center,"4400 Western Center Blvd, Fort Worth TX 76137",(817) 232-2180
Fort Worth - I-30 & Green Oaks,"6700 W Freeway, Fort Worth TX 76116",(817) 377-8074
Fort Worth - Bryant Irvin & Oakmont,"7400 Oakmont Blvd, Fort Worth TX 76132",(817) 423-9556
Fort Worth - I-820 & John T White,"850 E Loop 820, Fort Worth TX 76112",(817) 451-0306
Fort Worth - I-820 & Clifford,"9300 Clifford St, Fort Worth TX 76108",(817) 246-3366
Garland Broadway Blvd,"5710 Broadway Blvd, Garland TX 75043",(972) 240-7339
Grand Prairie - Carrier & Main,"215 N Carrier Pkwy, Grand Prairie TX 75050",(972) 642-6555
Shady Grove and S Story,"2200 W Shady Grove Rd, Irving TX 75060",(972) 374-5110
Lake Worth,"6308 Lake Worth Blvd, Lake Worth TX 76135",(817) 237-8124
Longview - McCann & Loop 281,"3603 McCann Rd, Longview TX 75605",(903) 663-2082
McKinney - US 75 & El Dorado,"3001 S Central Expy, McKinney TX 75070",(972) 548-1003
Mesquite - Bruton & Beltline,"1500 S Beltline Rd, Mesquite TX 75149",(972) 285-0226
Mesquite - Motley & Town East,"2828 Motley Dr, Mesquite TX 75150",(972) 270-2406
Richardson - Richardson,"2165 E Buckingham Dr, Richardson TX 75081",(972) 680-1711
Saginaw - Bus Hwy 287 & Bailey Boswell,"1201 N Saginaw Blvd, Saginaw TX 76179",(817) 232-2777
Sherman - Taylor Street,"100 E Taylor St, Sherman TX 75092",(903) 868-9686
Texarkana - Highway 59 & Highway 67,"4415 W 7th St, Texarkana TX 75501",(903) 831-7226
Watauga,"6249 Rufe Snow Dr, Watauga TX 76148",(817) 428-0541
Weatherford - Spring Street,"225 E Spring St, Weatherford TX 76086",(817) 594-9390
Saint George - Santa Clara,"745 N Dixie Dr, Saint George UT 84770",(435) 688-7156
Redcliffs,"915 Redcliffs Dr, Washington UT 84780",(435) 628-0424
Battle Ground,"2108 W Main St, Battle Ground WA 98604",(360) 687-4130
Clarkston,"400 Bridge St, Clarkston WA 99403",(509) 758-5523
Gig Harbor,"11330 NW 51st Ave, Gig Harbor WA 98332",(253) 853-4750
Pacific,"17171 Bothell Way NE, Lake Forest Park WA 98155",(206) 363-5397
Marysville,"301 Marysville Mall #60, Marysville WA 98270",(360) 659-5841
Redmond,"3520 Pacific Ave SE, Olympia WA 98501",(360) 459-9340
Pasco,"1330 N 20th Ave, Pasco WA 99301",(509) 547-8858
Port Orchard,"1434 Olney Ave SE, Port Orchard WA 98366",(360) 895-2292
Summit,"11012 Canyon Rd E, Puyallup WA 98373",(253) 537-3770
Steilacoom,"3925 236th Ave NE, Redmond WA 98053",(425) 836-8112
Sunset Blvd,"4621 NE Sunset Blvd, Renton WA 98059",(425) 271-2564
Magnolia,"2550 32nd Ave W, Seattle WA 98199",(206) 283-9434
Francis & Nevada,"6520 N Nevada, Spokane WA 99208",(509) 489-1250
152nd & Pacific,"104 Military Rd, Tacoma WA 98444",(253) 538-1688
Wilbur,"450 N Wilbur Ave, Walla Walla WA 99362",(509) 529-1710
Bothell,"1128 N Miller St, Wenatchee WA 98801",(509) 663-8547
Casper - Westridge,"1076 CY Ave, Casper WY 82604",(307) 266-0136
Casper - Hilltop,"2625 E 2nd St, Casper WY 82609",(307) 237-9361
Cheyenne - Pershing,"3355 E Pershing Blvd, Cheyenne WY 82001",(307) 635-1151
Cheyenne - Yellowstone,"5800 Yellowstone Rd, Cheyenne WY 82009",(307) 637-8171
Cody,"1825 17th St, Cody WY 82414",(307) 527-7007
Gillette,"2610 S Douglas Hwy, Gillette WY 82718",(307) 686-7352
Jackson,"105 Buffalo Way, Jackson WY 83001",(307) 733-5950
Powell,"1005 W Coulter Ave, Powell WY 82435",(307) 271-3155
Rock Springs,"1323 Dewar Dr, Rock Springs WY 82901",(307) 362-8386
Sheridan,"1865 Coffeen Ave, Sheridan WY 82801",(307) 672-8909