Name,Address,Phone
College Rd,"30 College Rd, Fairbanks AK 99701",(907) 456-8501
Airport Way,"3627 Airport Way, Fairbanks AK 99709",(907) 374-4000
Sterling Hwy,"90 Sterling Hwy, Homer AK 99603",(907) 226-1000
Vintage Blvd,"3033 Vintage Blvd, Juneau AK 99801",(907) 523-2000
Kenai Spur Hwy,"10576 Kenai Spur Hwy, Kenai AK 99611",(907) 283-6300
Tongass Ave,"2417 Tongass Ave, Ketchikan AK 99901",(907) 228-1900
Mill Bay Rd,"2685 Mill Bay Rd, Kodiak AK 99615",(907) 481-1500
N Santa Claus Ln,"301 N Santa Claus Ln, North Pole AK 99705",(907) 490-2700
Seward Hwy,"1907 Seward Hwy, Seward AK 99664",(907) 224-6900
Sterling Hwy,"44428 Sterling Hwy, Soldotna AK 99669",(907) 714-5400
Airport Beach Rd,"2029 Airport Beach Rd, Unalaska AK 99692",(907) 581-4040
Meals St,"1313 Meals St, Valdez AK 99686",(907) 461-3300
W Anthem Way,"3655 W Anthem Way, Anthem AZ 85086",(623) 745-3800
Apache Trail,"3185 W Apache Trail, Apache Junction AZ 85120",(480) 982-6120
W 4th St,"599 W 4th St, Benson AZ 85602",(520) 586-9094
Naco Rd,"101 Naco Hwy, Bisbee AZ 85603",(520) 432-3038
Hwy 95,"1751 Hwy 95, Bullhead City AZ 86442",(928) 763-3555
N Trekell Rd,"1637 N Trekell Rd, Casa Grande AZ 85122",(520) 421-7447
Cave Creek Rd,"29834 N Cave Creek Rd, Cave Creek AZ 85331",(480) 563-9335
E Ray Rd,"1060 E Ray Rd, Chandler AZ 85225",(480) 855-5005
Chandler Blvd,"1159 W Chandler Blvd, Chandler AZ 85224",(480) 726-7776
Alma School Rd,"4970 S Alma School Rd, Chandler AZ 85248",(480) 883-0255
N US Hwy 89,"1031 N US Hwy 89, Chino Valley AZ 86323",(928) 636-8358
N Arizona Blvd,"1449 N Arizona Blvd, Coolidge AZ 85128",(520) 723-5300
Cottonwood Ln,"1635 E Cottonwood Ln, Cottonwood AZ 86326",(928) 634-3711
Plaza Way,"1201 S Plaza Way, Flagstaff AZ 86001",(928) 779-3401
Cedar Ave,"1500 E Cedar Ave, Flagstaff AZ 86004",(928) 774-3774
Hwy 89,"4910 N Hwy 89, Flagstaff AZ 86004",(928) 526-6116
N Hunt Hwy,"3325 N Hunt Hwy, Florence AZ 85132",(520) 723-0179
Hwy 95,"4823 S Hwy 95, Fort Mohave AZ 86426",(928) 704-4433
Fountain Hills Blvd,"13733 Fountain Hills Blvd, Fountain Hills AZ 85268",(480) 837-0287
E Baseline Rd,"5137 E Baseline Rd, Gilbert AZ 85234",(480) 325-5807
Val Vista Dr,"90 S Val Vista Dr, Gilbert AZ 85296",(480) 545-7555
67th Ave,"20205 N 67th Ave #100, Glendale AZ 85308",(623) 572-8814
W Happy Valley Rd,"3800 W Happy Valley Rd, Glendale AZ 85310",(623) 518-1946
S Hill St,"240 S Hill St, Globe AZ 85501",(928) 425-5390
Indian School Rd,"14175 W Indian School Rd, Goodyear AZ 85395",(623) 935-3228
N Estrella Pkwy,"440 N Estrella Pkwy, Goodyear AZ 85338",(623) 476-1708
S Estrella Pkwy,"9890 S Estrella Pkwy, Goodyear AZ 85338",(623) 691-6417
Continental Rd,"260 W Continental Rd, Green Valley AZ 85622",(520) 625-7283
W Hopi Dr,"702 W Hopi Dr, Holbrook AZ 86025",(928) 524-3313
Stockton Hill,"3125 Stockton Hill Rd, Kingman AZ 86401",(928) 753-2943
Stockton Hill Rd,"3970 Stockton Hill Rd, Kingman AZ 86409",(928) 681-4900
Mcculloch Blvd,"1650 Mcculloch Blvd N, Lake Havasu City AZ 86403",(928) 855-7760
Baseline Rd,"5035 W Baseline Rd, Laveen AZ 85339",(602) 567-7561
Guadalupe,"1225 W Guadalupe, Mesa AZ 85202",(480) 838-7452
Power Rd,"1855 N Power Rd, Mesa AZ 85205",(480) 281-2972
W Main St,"1902 W Main St, Mesa AZ 85201",(480) 644-9448
E Southern Ave,"3622 E Southern Ave, Mesa AZ 85206",(480) 807-0447
Signal Butte Rd,"4316 S Signal Butte Rd, Mesa AZ 85212",(480) 296-7953
Mariposa Rd,"465 W Mariposa Rd, Nogales AZ 85621",(520) 281-4929
Rancho Vistoso Blvd,"12122 N Rancho Vistoso Blvd, Oro Valley AZ 85755",(520) 297-4344
Elm St,"650 Elm St, Page AZ 86040",(928) 645-8155
W Riverside Dr,"121 W Riverside Dr, Parker AZ 85344",(928) 669-2243
E Hwy 260,"401 State Route 260, Payson AZ 85541",(928) 472-8208
W Olive Ave,"10641 W Olive Ave, Peoria AZ 85345",(623) 583-7227
N 83rd Ave,"12320 N 83rd Ave, Peoria AZ 85381",(623) 773-1109
N Vistancia Blvd,"28455 N Vistancia Blvd, Peoria AZ 85383",(623) 243-9204
Chandler Blvd,"1334 E Chandler Blvd, Phoenix AZ 85048",(480) 283-0032
N 7th St,"13440 N 7th St, Phoenix AZ 85022",(602) 547-1288
Camelback Rd,"3132 E Camelback Rd, Phoenix AZ 85016",(602) 955-6455
Mcdowell Rd,"340 E Mcdowell Rd, Phoenix AZ 85004",(602) 252-4538
Bell Rd,"3450 W Bell Rd, Phoenix AZ 85053",(602) 863-1431
E Chandler Blvd,"4005 E Chandler Blvd, Phoenix AZ 85048",(480) 759-9611
Elliot Rd,"4747 E Elliot Rd, Phoenix AZ 85044",(480) 496-0076
E Greenway Rd,"4747 E Greenway Rd, Phoenix AZ 85032",(602) 996-5635
E Indian School Rd,"4750 E Indian School Rd, Phoenix AZ 85018",(602) 840-2161
N 83rd Ave,"4811 N 83rd Ave, Phoenix AZ 85033",(623) 247-4447
Osborn Rd,"520 W Osborn Rd, Phoenix AZ 85013",(602) 274-7422
Bell Rd,"550 E Bell Rd, Phoenix AZ 85022",(602) 863-4194
S 16th St,"6202 S 16th St, Phoenix AZ 85042",(602) 268-0022
Glendale Ave,"810 E Glendale Ave, Phoenix AZ 85020",(602) 331-0134
White Mountain Blvd,"20 W White Mountain Blvd, Pinetop-Lakeside AZ 85935",(928) 367-6677
Willow Creek Rd,"1044 Willow Creek Rd, Prescott AZ 86301",(928) 445-4550
White Spar Rd,"450 White Spar Rd, Prescott AZ 86303",(928) 778-3086
E Hwy 69,"7720 E Hwy 69, Prescott Valley AZ 86314",(928) 772-6126
E Queen Creek Rd,"18495 E Queen Creek Rd, Queen Creek AZ 85142",(480) 279-2733
Ironwood and Ocotillo,"40950 N Ironwood Rd, Queen Creek AZ 85140",(480) 758-3316
W Duval Mine Rd,"1305 W Duval Mine Rd, Sahuarita AZ 85614",(520) 648-2847
N Scottsdale Rd,"10773 N Scottsdale Rd, Scottsdale AZ 85254",(480) 948-6446
Frank Lloyd Wright Blvd,"14696 N Frank Lloyd Wright Blvd, Scottsdale AZ 85260",(480) 391-1090
N Pima Rd,"20901 N Pima Rd, Scottsdale AZ 85255",(480) 585-3552
Scottsdale Rd,"23565 N Scottsdale Rd, Scottsdale AZ 85255",(480) 585-9366
Scottsdale Rd,"32551 N Scottsdale Rd, Scottsdale AZ 85266",(480) 595-9844
Greenway Pkwy Bldg 4,"6501 E Greenway Pkwy Bldg 4, Scottsdale AZ 85254",(480) 991-3317
Chaparral Rd,"7920 E Chaparral Rd, Scottsdale AZ 85250",(480) 994-5653
W Hwy 89A,"2300 W Hwy 89A, Sedona AZ 86336",(928) 282-0118
W Deuce of Clubs,"900 W Deuce Of Clubs, Show Low AZ 85901",(928) 532-5656
E Fry Blvd,"2190 E Fry Blvd, Sierra Vista AZ 85635",(520) 459-4204
S Mountain Ave,"203 S Mountain Ave, Springerville AZ 85938",(928) 333-4165
Bell Rd,"10926 W Bell Rd, Sun City AZ 85351",(623) 972-1350
Camino Del Sol,"13503 Camino Del Sol, Sun City West AZ 85375",(623) 975-2304
W Waddell Rd,"13828 W Waddell Rd, Surprise AZ 85379",(623) 476-1810
Bell Rd,"17049 W Bell Rd, Surprise AZ 85374",(623) 518-1059
W Peoria,"17230 W Peoria, Surprise AZ 85388",(623) 218-0340
E Elliot Rd,"1515 E Elliot Rd, Tempe AZ 85284",(480) 755-1844
Broadway Rd,"926 E Broadway Rd, Tempe AZ 85282",(480) 829-6824
W Hwy 70,"2125 W Hwy 70, Thatcher AZ 85552",(928) 428-2771
E Broadway Blvd,"10380 E Broadway Blvd, Tucson AZ 85748",(520) 885-7777
St Mary's Rd,"1551 W St Marys Rd, Tucson AZ 85745",(520) 624-8442
Prince Rd,"1767 E Prince Rd, Tucson AZ 85719",(520) 327-2287
E Broadway Blvd,"1940 E Broadway Blvd, Tucson AZ 85719",(520) 206-9047
W Grant Rd,"2140 W Grant Rd, Tucson AZ 85745",(520) 792-0083
Valencia Rd,"2940 W Valencia Rd, Tucson AZ 85746",(520) 578-0144
Sunrise Dr,"4752 E Sunrise Dr, Tucson AZ 85718",(520) 299-3534
Golf Links Rd,"6360 E Golf Links Rd, Tucson AZ 85730",(520) 514-2008
Oracle Rd,"7110 N Oracle Rd, Tucson AZ 85704",(520) 575-0949
Tanque Verde Rd,"7177 E Tanque Verde Rd, Tucson AZ 85715",(520) 731-0117
Valencia Rd,"9050 E Valencia Rd, Tucson AZ 85747",(520) 663-0009
N Silverbell Rd,"9100 N Silverbell Rd, Tucson AZ 85743",(520) 579-8365
Tanque Verde,"9125 E Tanque Verde, Tucson AZ 85749",(520) 760-6087
Golf Links Rd,"9460 E Golf Links Rd, Tucson AZ 85730",(520) 296-0042
Mary Ann Cleveland,"13380 E Mary Ann Cleveland Way, Vail AZ 85641",(520) 526-7087
Wickenburg Way,"1999 W Wickenburg Way, Wickenburg AZ 85390",(928) 684-2999
Bisbee Ave,"650 N Bisbee Ave, Willcox AZ 85643",(520) 384-3952
W Route 66,"637 W Route 66, Williams AZ 86046",(928) 635-0500
Park Dr,"1601 N Park Dr, Winslow AZ 86047",(928) 289-3126
Shore Ctr,"2227 S Shore Ctr, Alameda CA 94501",(510) 863-9000
Fifth St,"2600 5th St, Alameda CA 94501",(510) 523-1804
Island Dr,"867 Island Dr, Alameda CA 94502",(510) 521-4833
Alamo Plaza,"200 Alamo Plaza, Alamo CA 94507",(925) 820-8022
Solano Ave,"1500 Solano Ave, Albany CA 94707",(510) 525-4107
American Canyon Rd,"103 American Canyon Rd, American Canyon CA 94503",(707) 649-5150
Balls Ferry Rd,"2601 Balls Ferry Rd, Anderson CA 96007",(530) 365-6401
Deer Valley Rd,"3365 Deer Valley Rd, Antioch CA 94531",(925) 706-4150
Rancho Del Mar,"16 Rancho Del Mar, Aptos CA 95003",(831) 688-2775
F St,"600 F St, Arcata CA 95521",(707) 822-5217
Bell Rd,"2550 Bell Rd, Auburn CA 95603",(530) 887-3230
El Camino,"1100 El Camino, Belmont CA 94002",(650) 596-1730
Ralston Ave,"2100 Ralston Ave, Belmont CA 94002",(650) 591-0235
Solano Sq,"50 Solano Square, Benicia CA 94510",(707) 745-4047
Shattuck Place,"1444 Shattuck Place, Berkeley CA 94709",(510) 526-3086
Second St,"1125 2nd St, Brentwood CA 94513",(925) 634-6780
Balfour Rd,"3110 Balfour Rd, Brentwood CA 94513",(925) 626-6020
Howard Ave,"1450 Howard Ave, Burlingame CA 94010",(650) 343-3488
Main St,"37264 Main St, Burney CA 96013",(530) 335-3212
Coach Ln,"3380 Coach Ln, Cameron Park CA 95682",(530) 676-6930
S Winchester Blvd,"2341 S Winchester Blvd, Campbell CA 95008",(408) 364-6880
W Hamilton Ave,"950 W Hamilton Ave, Campbell CA 95008",(408) 871-1272
Mid Valley Center,"104 Mid Valley Center, Carmel CA 93923",(831) 624-4600
Crossroads Blvd,"5 Crossroads Blvd, Carmel CA 93923",(831) 625-8820
Manzanita Ave,"4040 Manzanita Ave, Carmichael CA 95608",(916) 481-2005
Redwood Rd,"20629 Redwood Rd, Castro Valley CA 94546",(510) 538-3088
E Castro Valley Blvd,"4015 E Castro Valley Blvd, Castro Valley CA 94552",(510) 886-7351
Sacramento Ave,"1016 W Sacramento Ave, Chico CA 95926",(530) 895-0244
E Ave,"1366 East Ave, Chico CA 95926",(530) 899-2320
Mangrove Way,"720 Mangrove Ave, Chico CA 95926",(530) 895-6300
Greenback Ln,"7301 Greenback Ln, Citrus Heights CA 95621",(916) 727-2424
Clayton Rd,"5431 Clayton Rd, Clayton CA 94517",(925) 672-2135
Olympic Dr,"14922 Olympic Dr, Clearlake CA 95422",(707) 994-7275
Willow Pass Rd,"2600 Willow Pass Rd, Concord CA 94519",(925) 689-3240
Clayton Rd,"4309 Clayton Rd, Concord CA 94521",(925) 356-2710
Edith St,"600 Edith St, Corning CA 96021",(530) 824-2467
Corte Madera Town Ctr,"137 Corte Madera Town Ctr, Corte Madera CA 94925",(415) 927-1960
M St,"475 M St, Crescent City CA 95531",(707) 465-3353
Homestead Rd,"20620 W Homestead Rd, Cupertino CA 95014",(408) 253-0112
Westlake Ctr,"601 Westlake Ctr, Daly City CA 94015",(650) 755-0576
Camino Tassajara,"3496 Camino Tassajara, Danville CA 94506",(925) 736-0298
W Covell Blvd,"1451 W Covell Blvd, Davis CA 95616",(530) 757-4540
Cowell Blvd,"2121 Cowell Blvd, Davis CA 95618",(530) 792-8500
Canyon Del Rey Blvd,"815 Canyon Del Rey Blvd, Del Rey Oaks CA 93940",(831) 393-2090
Hwy 4,"14840 Hwy 4, Discovery Bay CA 94505",(925) 626-6000
Stratford Ave,"1235 Stratford Ave, Dixon CA 95620",(707) 678-7400
Tassajara Rd,"4440 Tassajara Rd, Dublin CA 94568",(925) 551-4710
Dublin Blvd,"7499 Dublin Blvd, Dublin CA 94568",(925) 556-4034
San Pablo Ave,"11450 San Pablo Ave, El Cerrito CA 94530",(510) 233-8400
Francisco Dr,"2207 Francisco Dr, El Dorado Hills CA 95762",(916) 939-9456
Serrano Pkwy,"3383 Bass Lake Rd, El Dorado Hills CA 95762",(530) 313-4920
Laguna Blvd,"5021 Laguna Blvd, Elk Grove CA 95758",(916) 691-3770
Harris St,"2555 Harris St, Eureka CA 95503",(707) 269-0133
Dewey Dr,"5450 Dewey Dr, Fair Oaks CA 95628",(916) 904-5356
Madison Ave,"8925 Madison Ave, Fair Oaks CA 95628",(916) 965-1034
Waterman Dr,"2401 Waterman Dr, Fairfield CA 94534",(707) 427-5640
Business Ctr Dr,"5051 Business Ctr Dr, Fairfield CA 94534",(707) 863-4160
Graham Hill Rd,"6255 Graham Hill Rd, Felton CA 95018",(831) 335-3532
Prairie City Rd,"1850 Prairie City Rd, Folsom CA 95630",(916) 608-2450
Main St,"660 S Main St, Fort Bragg CA 95437",(707) 964-4079
Fortuna Blvd,"701 S Fortuna Blvd, Fortuna CA 95540",(707) 725-5104
Hillsdale Blvd,"921 E Hillsdale Blvd, Foster City CA 94404",(650) 377-0711
Freedom Blvd,"2010 Freedom Blvd, Freedom CA 95019",(831) 728-2640
Washington Blvd,"3902 Washington Blvd, Fremont CA 94538",(510) 657-1625
Argonaut Way,"39100 Argonaut Way, Fremont CA 94538",(510) 794-1666
Mission Blvd,"46848 Mission Blvd, Fremont CA 94539",(510) 497-1003
First St,"905 First St, Gilroy CA 95020",(408) 842-6446
Neal St,"105 Neal St, Grass Valley CA 95945",(530) 273-0115
Sutton Way,"867 Sutton Way, Grass Valley CA 95945",(530) 273-2249
St Hwy 99,"1596 St Hwy 99, Gridley CA 95948",(530) 846-3762
Hwy 116,"16405 Hwy 116, Guerneville CA 95446",(707) 869-9433
Cabrillo Hwy,"70 Cabrillo Hwy, Half Moon Bay CA 94019",(650) 726-1143
Foothill Blvd,"22280 Foothill Blvd, Hayward CA 94541",(510) 582-0700
Jackson St,"231 W Jackson St, Hayward CA 94544",(510) 783-8611
Vine St,"1115 Vine St, Healdsburg CA 95448",(707) 431-7102
San Pablo Ave and John Muir Pkwy,"4080 San Pablo Ave, Hercules CA 94547",(510) 322-9030
Tres Pinos Rd,"591 Tres Pinos Rd, Hollister CA 95023",(831) 638-3240
Industry Rd,"12110 Industry Blvd, Jackson CA 95642",(209) 257-0779
Canal St,"530 Canal St, King City CA 93930",(831) 385-7820
N Lake Blvd,"7815 N Lake Blvd, Kings Beach CA 96143",(530) 546-0170
Mt Diablo Blvd,"3540 Mt Diablo Blvd, Lafayette CA 94549",(925) 283-0228
11th St,"1071 11th St, Lakeport CA 95453",(707) 263-8072
Lincoln Blvd,"67 Lincoln Blvd, Lincoln CA 95648",(916) 408-0800
First St,"1554 First St, Livermore CA 94550",(925) 455-5667
First St,"4495 First St, Livermore CA 94551",(925) 455-2520
W Kettleman Ln,"2449 W Kettleman Ln, Lodi CA 95242",(209) 367-7875
1st St,"160 1st St, Los Altos CA 94022",(650) 941-1801
Pollard Rd,"1500 Pollard Rd, Los Gatos CA 95032",(408) 374-2050
Union Ave,"15549 Union Ave, Los Gatos CA 95032",(408) 559-5750
N Santa Cruz Ave,"470 N Santa Cruz Ave, Los Gatos CA 95030",(408) 354-9708
S Main St,"1187 S Main St, Manteca CA 95337",(209) 824-1144
Alhambra Ave,"3334 Alhambra Ave, Martinez CA 94553",(925) 229-0212
Alhambra Ave,"6688 Alhambra Ave, Martinez CA 94553",(925) 933-0540
City Ctr Rd,"1503 City Ctr Rd, Mckinleyville CA 95519",(707) 840-9770
Sharon Park Dr,"325 S Sharon Park Dr, Menlo Park CA 94025",(650) 854-3056
El Camino Real,"525 El Camino Real, Menlo Park CA 94025",(650) 847-2901
Camino Alto,"1 Camino Alto, Mill Valley CA 94941",(415) 388-6216
Strawberry Village,"800 Redwood Hwy Frontage Rd #110, Mill Valley CA 94941",(415) 360-9016
El Camino Real,"525 El Camino Real, Millbrae CA 94030",(650) 652-3416
Calaveras Blvd,"555 E Calaveras Blvd, Milpitas CA 95035",(408) 262-9850
Mchenry Ave,"2001 Mchenry Ave Suite C, Modesto CA 95350",(209) 571-6280
Moraga Way,"1355 Moraga Way, Moraga CA 94556",(925) 376-9492
Tennant Ave,"235 Tennant Station, Morgan Hill CA 95037",(408) 776-9861
E Dunne Ave,"840 E Dunne Ave, Morgan Hill CA 95037",(408) 776-8720
Mountain House Pkwy and Byron,"19555 S Mountain House Pkwy, Mountain House CA 95391",(209) 362-1256
Miramonte Ave,"1750 Miramonte Ave, Mountain View CA 94040",(650) 903-5850
Shoreline Blvd,"570 N Shoreline Blvd, Mountain View CA 94043",(650) 961-4868
Rengstorff Ave,"580 N Rengstorff Ave, Mountain View CA 94043",(650) 316-6321
San Antonio Rd,"645 San Antonio Rd, Mountain View CA 94040",(650) 948-4533
Jefferson St,"3375 Jefferson St, Napa CA 94558",(707) 225-3037
Jarvis Ave,"5877 Jarvis Ave, Newark CA 94560",(510) 713-3180
Nave Dr,"5720 Nave Dr, Novato CA 94949",(415) 881-9256
Diablo Ave,"900 Diablo Ave, Novato CA 94947",(415) 898-1503
Mountain Blvd,"2096 Mountain Blvd, Oakland CA 94611",(510) 482-2266
Fruitvale Ave,"3550 Fruitvale Ave, Oakland CA 94602",(510) 530-7067
Grand Ave,"3747 Grand Ave, Oakland CA 94610",(510) 465-4187
Redwood Rd,"4100 Redwood Rd, Oakland CA 94619",(510) 531-0565
Broadway,"5100 Broadway, Oakland CA 94611",(510) 285-0782
College Ave,"6310 College Ave, Oakland CA 94618",(510) 985-0012
Camino Sobrante,"2 Camino Sobrante, Orinda CA 94563",(925) 254-8792
Forest Ave,"1212 Forest Ave, Pacific Grove CA 93950",(831) 375-8262
Manor Plz,"12 Manor Plz, Pacifica CA 94044",(650) 359-2751
Linda Mar Blvd,"1380 Linda Mar Shopping Center, Pacifica CA 94044",(650) 359-6707
Hickey Blvd,"709 Hickey Blvd, Pacifica CA 94044",(650) 290-5014
Middlefield Rd,"2811 Middlefield Rd, Palo Alto CA 94306",(650) 321-8400
S Mcdowell Blvd,"389 S Mcdowell Blvd, Petaluma CA 94954",(707) 766-9097
Sonoma Mountain Pkwy,"701 Sonoma Mountain Pkwy, Petaluma CA 94954",(707) 765-1198
Tara Hill Dr,"1421 Tara Hill Dr, Pinole CA 94564",(510) 724-1525
Bailey Rd,"660 Bailey Rd, Pittsburg CA 94565",(925) 458-0181
Missouri Flat Rd,"3955 Missouri Flat Rd, Placerville CA 95667",(530) 295-2972
Contra Costa Blvd,"1978 Contra Costa Blvd, Pleasant Hill CA 94523",(925) 688-0680
Patterson Blvd,"600 Patterson Blvd, Pleasant Hill CA 94523",(925) 933-8243
Contra Costa Blvd,"707 Contra Costa Blvd, Pleasant Hill CA 94523",(925) 689-2044
Santa Rita Rd,"1701 Santa Rita Rd, Pleasanton CA 94566",(925) 417-5530
Bernal Ave,"6790 Bernal Ave, Pleasanton CA 94566",(925) 846-8644
Pony Express Trail,"6498 Pony Express Trail, Pollock Pines CA 95726",(530) 647-7440
Vierra Canyon Rd,"17539 Vierra Canyon Rd, Prunedale CA 93907",(831) 663-6702
Main St,"20 E Main St, Quincy CA 95971",(530) 283-1404
Folsom Blvd,"10635 Folsom Blvd, Rancho Cordova CA 95670",(916) 364-4940
E Cypress Ave,"1070 E Cypress Ave, Redding CA 96002",(530) 226-5871
Pine St,"2275 Pine St, Redding CA 96001",(530) 247-3030
El Camino Real,"1071 El Camino Real, Redwood City CA 94063",(650) 306-1900
Woodside Rd,"850 Woodside Rd, Redwood City CA 94061",(650) 365-2522
Sunset Blvd,"2220 Sunset Blvd, Rocklin CA 95765",(916) 789-0101
Granite Dr,"4805 Granite Dr, Rocklin CA 95677",(916) 624-0669
Commerce Blvd,"6340 Commerce Blvd, Rohnert Park CA 94928",(707) 584-8942
Pleasant Grove Blvd,"1080 Pleasant Grove Blvd, Roseville CA 95678",(916) 783-2119
Sierra College Blvd,"8640 Sierra College Blvd, Roseville CA 95661",(916) 783-2225
Woodcreek Oaks Blvd,"9045 Woodcreek Oaks Blvd, Roseville CA 95747",(916) 780-9919
Sunrise Blvd,"989 Sunrise Ave, Roseville CA 95661",(916) 773-4001
Alhambra Blvd,"1025 Alhambra Blvd, Sacramento CA 95816",(916) 456-0852
19th St,"1814 19th St, Sacramento CA 95811",(916) 492-9967
Del Paso Rd,"2851 Del Paso Rd, Sacramento CA 95835",(916) 285-8840
Arden Way,"3320 Arden Way, Sacramento CA 95825",(916) 483-9389
Crocker Dr,"3680 Crocker Dr, Sacramento CA 95818",(279) 399-9261
Howe Ave,"424 Howe Ave, Sacramento CA 95825",(916) 925-1676
Elkhorn Blvd,"5345 Elkhorn Blvd, Sacramento CA 95842",(916) 331-2987
Elk Grove Florin Rd,"8377 Elk Grove Florin Rd, Sacramento CA 95829",(916) 681-8666
Hunt Ave,"1026 Hunt Ave, Saint Helena CA 94574",(707) 968-3620
Constitution Blvd,"1516 Constitution Blvd, Salinas CA 93905",(831) 444-3625
N Main St,"1546 N Main St, Salinas CA 93906",(831) 442-7500
Sir Francis Drake,"838 Sir Francis Drake, San Anselmo CA 94960",(415) 456-9157
Webster St,"1335 Webster St, San Francisco CA 94115",(415) 921-4557
Jackson St,"145 Jackson St, San Francisco CA 94111",(415) 982-3112
Marina Blvd,"15 Marina Blvd, San Francisco CA 94123",(415) 563-4946
Market St,"2020 Market St, San Francisco CA 94114",(415) 861-7660
16th St,"2300 16th St Unit 203, San Francisco CA 94103",(415) 575-1120
Noriega St,"2350 Noriega St, San Francisco CA 94122",(415) 665-4565
King St,"298 King St, San Francisco CA 94107",(415) 633-1001
Mission St,"3350 Mission St, San Francisco CA 94110",(415) 826-2866
Mission St,"4950 Mission St, San Francisco CA 94112",(415) 587-7200
Diamond Hts Blvd,"5290 Diamond Heights Blvd, San Francisco CA 94131",(415) 824-7744
Monterey Blvd,"625 Monterey Blvd, San Francisco CA 94127",(415) 586-2421
Taraval St,"730 Taraval St, San Francisco CA 94116",(415) 665-4136
7th Ave,"735 7th Ave, San Francisco CA 94118",(415) 683-4070
La Playa St,"850 La Playa St, San Francisco CA 94121",(415) 387-4664
San Carlos St,"1300 W San Carlos St, San Jose CA 95126",(408) 882-0999
S Winchester,"1305 S Winchester Blvd, San Jose CA 95117",(408) 340-9258
Berryessa Rd and Sierra,"1455 Berryessa Rd, San Jose CA 95133",(408) 346-6130
Bird Ave,"1489 Bird Ave, San Jose CA 95125",(408) 878-0691
Hamilton,"1530 Hamilton Ave, San Jose CA 95125",(408) 264-1523
Branham Ln,"1663 Branham Ln, San Jose CA 95118",(408) 267-0550
Branham Ln,"179 Branham Ln, San Jose CA 95136",(408) 227-4961
Berryessa Rd,"2558 Berryessa Rd, San Jose CA 95132",(408) 272-2287
E Capitol Expy,"2980 E Capitol Expy, San Jose CA 95148",(408) 274-5957
Almaden Expy,"4950 Almaden Expy, San Jose CA 95118",(408) 267-1200
Stevens Creek Blvd,"5146 Stevens Creek Blvd, San Jose CA 95129",(408) 556-0610
Cottle Rd,"5760 Cottle Rd, San Jose CA 95123",(408) 362-9255
Bollinger Rd,"6150 Bollinger Rd, San Jose CA 95129",(408) 257-3070
Almaden Expwy,"6477 Almaden Expwy, San Jose CA 95120",(408) 268-3511
Washington Ave,"1499 Washington Ave, San Leandro CA 94577",(510) 895-2660
Bancroft Ave,"555 Bancroft Ave, San Leandro CA 94577",(510) 632-2949
Lewelling Blvd,"699 Lewelling Blvd, San Leandro CA 94579",(510) 483-2225
De Anza Blvd,"100 De Anza Blvd, San Mateo CA 94402",(650) 341-4039
El Camino Real,"1655 El Camino Real, San Mateo CA 94402",(650) 341-0374
Delaware St,"860 N Delaware St, San Mateo CA 94401",(650) 347-2704
B St,"700 B St, San Rafael CA 94901",(415) 456-1453
Las Gallinas Ave,"950 Las Gallinas Ave, San Rafael CA 94903",(415) 479-6111
Bollinger Canyon Rd,"11050 Bollinger Canyon Rd, San Ramon CA 94582",(925) 359-2001
San Ramon Valley Blvd,"2505 San Ramon Valley Blvd, San Ramon CA 94583",(925) 831-9515
The Alameda Ave,"2605 The Alameda Ave, Santa Clara CA 95050",(408) 244-6873
Homestead Rd,"2760 Homestead Rd, Santa Clara CA 95051",(408) 248-0563
Rivermark Plaza,"3970 Rivermark Plaza, Santa Clara CA 95054",(408) 855-0980
Morrissey Blvd,"117 Morrissey Blvd, Santa Cruz CA 95062",(831) 426-7489
Mission St,"2203 Mission St, Santa Cruz CA 95060",(831) 420-0781
Calistoga Rd,"100 Calistoga Rd, Santa Rosa CA 95409",(707) 539-1711
College Ave,"1211 W College Ave, Santa Rosa CA 95401",(707) 546-6877
Marlow Rd,"1799 Marlow Rd, Santa Rosa CA 95401",(707) 528-3062
Mendocino Ave,"2300 Mendocino Ave, Santa Rosa CA 95403",(707) 569-3100
Fourth St,"2751 4th St, Santa Rosa CA 95405",(707) 522-1455
Yulupa Ave,"2785 Yulupa Ave, Santa Rosa CA 95405",(707) 524-4646
Saratoga Sunnyvale Rd,"12876 Saratoga Sunnyvale Rd, Saratoga CA 95070",(408) 867-0180
Mt Hermon Rd,"253 Mt Hermon Rd, Scotts Valley CA 95066",(831) 438-7431
N Main St,"406 N Main St, Sebastopol CA 95472",(707) 823-1101
W Napa St,"477 W Napa St, Sonoma CA 95476",(707) 996-0633
Sanguinetti Rd,"1291 Sanguinetti Rd, Sonora CA 95370",(209) 533-7810
41st St,"2720 41st Ave, Soquel CA 95073",(831) 477-7212
Johnson Ln,"1020 Johnson Ln, South Lake Tahoe CA 96150",(530) 542-7740
Gellert Blvd,"2255 Gellert Blvd, South San Francisco CA 94080",(650) 588-9005
Chestnut Ave,"30 Chestnut Ave, South San Francisco CA 94080",(650) 952-8867
Country Club Blvd,"2808 Country Club Blvd, Stockton CA 95204",(209) 461-5555
Pacific Ave,"6445 Pacific Ave, Stockton CA 95207",(209) 472-8600
El Camino Real,"150 E El Camino Real, Sunnyvale CA 94087",(408) 732-1259
Bernardo Ave,"639 S Bernardo Ave, Sunnyvale CA 94087",(408) 732-5900
E El Camino Real,"785 E El Camino Real, Sunnyvale CA 94087",(408) 481-3300
Main St,"2970 Main St, Susanville CA 96130",(530) 257-2029
Lake Blvd,"850 N Lake Blvd, Tahoe City CA 96145",(530) 583-2772
W 11th St,"1801 W 11th St, Tracy CA 95376",(209) 830-2950
Donner Pass Rd,"11290 Donner Pass Rd, Truckee CA 96161",(530) 582-7950
Countryside Dr,"3051 Countryside Dr, Turlock CA 95380",(209) 669-2725
State St,"653 S State St, Ukiah CA 95482",(707) 467-2700
Decoto Rd,"1790 Decoto Rd, Union City CA 94587",(510) 429-9090
Harbison Dr,"2090 Harbison Dr, Vacaville CA 95687",(707) 452-7277
Robles Dr,"122 Robles Dr, Vallejo CA 94591",(707) 554-4467
Lincoln Rd W,"709 Lincoln Rd W, Vallejo CA 94590",(707) 643-2172
Admiral Callaghan Ln,"774 Admiral Callaghan Ln, Vallejo CA 94591",(707) 554-8035
Tice Valley Blvd,"1972 Tice Valley Blvd, Walnut Creek CA 94595",(925) 939-7213
The Orchards,"2800 Ygnacio Valley Rd, Walnut Creek CA 94598",(925) 948-2283
S Broadway,"600 S Broadway, Walnut Creek CA 94596",(925) 935-9205
Country Wood,"710 Bancroft Rd, Walnut Creek CA 94598",(925) 937-8537
Main St,"845 S Main St, Willits CA 95490",(707) 459-5862
Brooks Rd,"9080 Brooks Rd, Windsor CA 95492",(707) 837-2000
Main St,"1301 Main St, Alamosa CO 81101",(719) 587-3075
W 80th Ave,"7561 W 80th Ave, Arvada CO 80003",(303) 420-0318
Buckley Rd,"1200 S Buckley Rd, Aurora CO 80017",(303) 750-6802
Mississippi Ave,"12200 E Mississippi Ave, Aurora CO 80012",(303) 751-6603
Havana St,"1677 S Havana St, Aurora CO 80012",(303) 481-2279
E Hampden Ave,"18730 E Hampden Ave, Aurora CO 80013",(720) 876-2244
S Gun Club Rd,"6100 S Gun Club Rd, Aurora CO 80016",(303) 400-4870
Arapahoe Ave,"2798 Arapahoe Ave, Boulder CO 80302",(303) 443-5888
28th St,"3325 28th St, Boulder CO 80301",(303) 938-1271
Baseline Rd,"4800 E Baseline Rd, Boulder CO 80303",(303) 494-5373
Bridge St,"1605 Bridge St, Brighton CO 80601",(303) 659-6461
W 144th Ave,"3602 W 144th Ave, Broomfield CO 80023",(303) 209-2405
S Lincoln St,"333 S Lincoln St, Burlington CO 80807",(719) 346-8862
Main St,"1414 Main St, Canon City CO 81212",(719) 275-5221
Perry St,"880 S Perry St, Castle Rock CO 80104",(303) 688-5028
Circle Dr,"1121 N Circle Dr, Colorado Springs CO 80909",(719) 573-6023
S Murray Blvd,"1425 S Murray Blvd, Colorado Springs CO 80916",(719) 591-0880
Nevada Ave,"1920 S Nevada Ave, Colorado Springs CO 80905",(719) 636-5255
Wahsatch Ave,"2210 N Wahsatch Ave, Colorado Springs CO 80907",(719) 471-7243
N Powers,"2890 N Powers, Colorado Springs CO 80922",(719) 573-4860
W Colorado Ave,"3275 W Colorado Ave, Colorado Springs CO 80904",(719) 473-6307
Centennial Blvd,"4405 Centennial Blvd, Colorado Springs CO 80907",(719) 593-8805
Academy Blvd,"5060 N Academy Blvd, Colorado Springs CO 80918",(719) 593-1343
Academy Blvd,"6520 S Academy Blvd, Colorado Springs CO 80906",(719) 527-0146
Colorado Springs - Austin Bluffs Pkwy,"7055 Austin Bluffs Pkwy, Colorado Springs CO 80923",(719) 264-8650
Village Ctr Dr,"840 Village Ctr Dr, Colorado Springs CO 80919",(719) 548-1404
Colorado Springs - Research and Union,"8750 N Union Blvd, Colorado Springs CO 80920",(719) 282-9066
Main St,"27152 Main St, Conifer CO 80433",(303) 838-4375
E Main St,"1580 E Main St, Cortez CO 81321",(970) 564-9590
Hwy 92,"1550 Hwy 92, Delta CO 81416",(970) 874-9032
Colorado Blvd,"1653 S Colorado Blvd, Denver CO 80222",(303) 691-2960
Quebec St,"200 Quebec St #400, Denver CO 80230",(303) 340-4455
Downing St,"2150 S Downing St, Denver CO 80210",(303) 722-6117
N Federal Blvd,"2660 N Federal Blvd, Denver CO 80211",(303) 477-5091
S Broadway,"323 S Broadway, Denver CO 80209",(303) 744-8531
44th Ave,"3800 W 44th Ave, Denver CO 80211",(303) 458-8418
Corona St,"560 Corona St, Denver CO 80218",(303) 777-1231
E 14th Ave,"6220 E 14th Ave, Denver CO 80220",(303) 242-3523
Yale Ave,"6460 E Yale Ave, Denver CO 80222",(303) 691-8870
20th Ave,"757 E 20th Ave, Denver CO 80205",(303) 861-8169
Elizabeth St,"220 S Elizabeth St, Elizabeth CO 80107",(303) 646-0336
Jefferson Ave,"201 E Jefferson Ave, Englewood CO 80113",(303) 781-0463
Arapahoe Rd,"7375 E Arapahoe Rd, Englewood CO 80112",(303) 771-8707
Arapahoe Rd N,"3333 Arapahoe Rd N #B, Erie CO 80516",(720) 890-0959
E Wonderview Ave,"451 E Wonderview Ave, Estes Park CO 80517",(970) 586-4447
Hwy 74,"3851 S Hwy 74, Evergreen CO 80439",(303) 674-6625
Mclaughlin Rd,"7655 Mclaughlin Rd, Falcon CO 80831",(719) 495-7300
Federal Blvd,"10300 Federal Blvd, Federal Heights CO 80260",(303) 469-0990
County Rd 13,"8134 Colorado Blvd, Firestone CO 80504",(303) 833-2844
Harmony Rd,"1426 E Harmony Rd, Fort Collins CO 80525",(970) 223-6335
Drake Rd,"2160 W Drake Rd Unit 6, Fort Collins CO 80526",(970) 484-6048
Mason St,"3657 S College Ave, Fort Collins CO 80525",(970) 223-3221
Lemay Ave,"731 S Lemay Ave, Fort Collins CO 80524",(970) 221-5845
Dexter St,"1300 Dexter St, Fort Lupton CO 80621",(303) 857-0136
Platte Ave,"620 W Platte Ave, Fort Morgan CO 80701",(970) 867-3377
Mesa Ridge Pkwy,"6925 Mesa Ridge Pkwy, Fountain CO 80817",(719) 322-9351
County Rd 804,"40 County Rd 804, Fraser CO 80442",(970) 726-9484
Summit Blvd,"1008 Summit Blvd, Frisco CO 80443",(970) 668-5144
Jackson St,"1701 Jackson St, Golden CO 80401",(303) 278-1861
Broadway,"2512 Broadway, Grand Junction CO 81507",(970) 257-0072
F Rd,"2901 F Rd, Grand Junction CO 81504",(970) 248-9869
Horizon Dr,"681 Horizon Dr, Grand Junction CO 81506",(970) 254-0227
W Tenth St,"3526 W 10th St, Greeley CO 80634",(970) 351-8350
Centerplace Dr,"4548 Centerplace Dr, Greeley CO 80634",(970) 330-9956
S Spruce St,"112 S Spruce St, Gunnison CO 81230",(970) 641-0787
Broadway,"9255 S Broadway, Highlands Ranch CO 80129",(303) 683-1983
Miner St,"2425 Miner St, Idaho Springs CO 80452",(303) 567-4471
W 2nd St,"315 W 2nd St, La Junta CO 81050",(719) 384-4861
Jewell,"11088 W Jewell, Lakewood CO 80232",(303) 989-8810
Alameda Pkwy,"13111 W Alameda Pkwy, Lakewood CO 80228",(303) 980-9343
Colfax Ave,"9160 W Colfax Ave, Lakewood CO 80215",(303) 232-4989
E Olive St,"906 E Olive St, Lamar CO 81052",(719) 336-2540
N Poplar Way,"1900 N Poplar Way, Leadville CO 80461",(719) 486-0795
Ken Caryl Ave,"12442 W Ken Caryl Ave, Littleton CO 80127",(303) 978-1859
W Mineral Ave,"181 W Mineral Ave, Littleton CO 80120",(303) 218-2100
Kipling St,"5025 S Kipling Pkwy, Littleton CO 80127",(303) 973-6770
N Rampart Range Rd,"8355 N Rampart Range Rd, Littleton CO 80125",(303) 242-3563
Kipling Pkwy,"8434 S Kipling Pkwy, Littleton CO 80127",(720) 922-0305
Lincoln Ave,"9229 E Lincoln Ave, Lone Tree CO 80124",(303) 649-9111
Ken Pratt Blvd,"1050 Ken Pratt Blvd, Longmont CO 80501",(303) 651-7952
Hover Rd,"1632 Hover Rd, Longmont CO 80501",(303) 776-0506
W Cherry Ave,"910 W Cherry St, Louisville CO 80027",(303) 666-8950
Eisenhower Blvd,"1451 W Eisenhower Blvd, Loveland CO 80537",(970) 593-9779
W Eisenhower Blvd,"2321 W Eisenhower Blvd, Loveland CO 80537",(970) 669-1342
Cleveland Ave,"860 Cleveland Ave, Loveland CO 80537",(970) 669-3440
Second Ave,"1200 2nd Ave, Monte Vista CO 81144",(719) 852-5121
S Townsend Ave,"1329 S Townsend Ave, Montrose CO 81401",(970) 249-8822
Hwy 105,"624 Hwy 105, Monument CO 80132",(719) 488-1187
E 120th Ave,"500 E 120th Ave, Northglenn CO 80233",(303) 450-2462
S Parker Rd,"11051 S Parker Rd, Parker CO 80134",(303) 840-1604
N Market Plaza,"1017 N Market Plaza, Pueblo CO 81007",(719) 547-2108
S Prairie Ave,"1231 S Prairie Ave, Pueblo CO 81005",(719) 561-1234
G St,"232 G St, Salida CO 81201",(719) 539-3513
E US Hwy 40,"37500 US-40, Steamboat Springs CO 80487",(970) 879-3766
Coalton Rd,"1601 Coalton Rd, Superior CO 80027",(303) 543-1153
E 104th Ave,"3840 E 104th Ave, Thornton CO 80233",(303) 255-7347
Thornton Pkwy,"771 Thornton Pkwy, Thornton CO 80229",(303) 280-2245
Main St,"457 W Main St, Trinidad CO 81082",(719) 846-2246
Frontage Rd W,"2131 N Frontage Rd W, Vail CO 81657",(970) 476-3561
W Seventh,"222 W 7th St, Walsenburg CO 81089",(719) 738-3300
Wadsworth Blvd,"3900 Wadsworth Blvd, Wheat Ridge CO 80033",(303) 456-2670
Main St,"1535 Main St, Windsor CO 80550",(970) 674-1177
US Hwy 24,"1101 E US Hwy 24, Woodland Park CO 80863",(719) 686-1836
John Hunn Brown Rd,"190 John Hunn Brown Rd, Dover DE 19901",(302) 730-9100
Peoples Plaza,"2400 Peoples Plaza, Newark DE 19702",(302) 832-8290
Coastal Hwy,"19283 Coastal Hwy, Rehoboth Beach DE 19971",(302) 226-3073
Kaahumanu St,"98-1277 Kaahumanu St, Aiea HI 96701",(808) 483-5900
Keaunui Dr,"91-1119 Keaunui Dr, Ewa Beach HI 96706",(808) 683-3200
E Maka'Ala St,"381 E Maka'Ala St, Hilo HI 96720",(808) 339-3795
S Beretania St,"1234 S Beretania St, Honolulu HI 96814",(808) 535-1780
Pali Hwy,"1360 Pali Hwy, Honolulu HI 96813",(808) 566-6811
Manoa Rd,"2855 E Manoa Rd, Honolulu HI 96822",(808) 988-2058
Keahole St,"377 Keahole St, Honolulu HI 96825",(808) 396-6337
Ala Lilikoi St,"848 Ala Lilikoi St, Honolulu HI 96818",(808) 831-6100
Kapahulu Ave,"888 Kapahulu Ave, Honolulu HI 96816",(808) 733-2600
Ho'okele St,"1090 Ho'okele St, Kahului HI 96732",(808) 359-2970
Keolu Dr,"1060 Keolu Dr, Kailua HI 96734",(808) 266-5200
Hamakua Dr,"200 Hamakua Dr, Kailua HI 96734",(808) 266-5222
Kaneohe Bay Dr,"25 Kaneohe Bay Dr, Kailua HI 96734",(808) 254-2597
Henry St,"75-971 Henry St, Kailua Kona HI 96740",(808) 339-9155
Kamehameha Hwy,"46065 Kamehameha Hwy, Kaneohe HI 96744",(808) 233-5800
Kuhio Hwy,"4-831 Kuhio Hwy, Kapaa HI 96746",(808) 822-2464
Farrington N 400,"590 Farrington N 400, Kapolei HI 96707",(808) 674-0070
Pi'Ikea Ave,"277 Pi'Ikea Ave, Kihei HI 96753",(808) 891-9120
Honapiilani Hwy,"1221 Honoapiilani Hwy, Lahaina HI 96761",(808) 667-4392
Nuhou St,"4454 Nuhou St Suite #301, Lihue HI 96766",(808) 246-0290
Meheula Pkwy,"94-780B Meheula Pkwy, Mililani HI 96789",(808) 623-8111
Maui Lani Pkwy,"58 Maui Lani Pkwy Suite 5000, Wailuku HI 96793",(808) 243-3522
Lumiaina St,"94-809 Lumiaina St, Waipahu HI 96797",(808) 664-7725
S Main St,"6519 S Main St, Bonners Ferry ID 83805",(208) 267-1650
N 4th St,"1001 N 4th St, Coeur D'Alene ID 83814",(208) 664-6019
Neider Ave,"121 W Neider Ave, Coeur d'Alene ID 83815",(208) 765-4311
Coeur D Alene,"220 Ironwood Dr, Coeur d'Alene ID 83814",(208) 664-9101
Hayden Lake,"161 W Prairie Ave, Hayden ID 83835",(208) 772-7473
Blaine St,"1320 S Blaine St, Moscow ID 83843",(208) 883-0713
5th Ave,"702 N 5th Ave, Sandpoint ID 83864",(208) 263-9638
Forest Dr,"1781 Forest Dr, Annapolis MD 21401",(410) 626-2710
Housley Rd,"2635 Housley Rd, Annapolis MD 21401",(410) 224-8890
S Ritchie Hwy,"1451 S Ritchie Hwy, Arnold MD 21012",(410) 919-1000
Charles,"2401 N Charles St, Baltimore MD 21218",(410) 261-6110
Boston,"2610 Boston St, Baltimore MD 21224",(410) 675-3704
Smith Ave and Sanzo,"2801 Smith Ave, Baltimore MD 21209",(410) 413-5240
Harford Rd,"4401 Harford Rd, Baltimore MD 21214",(410) 319-8591
Baltimore National Pike,"5660 Baltimore National Pike, Baltimore MD 21228",(410) 869-8220
Brierhill Dr,"225 Brierhill Dr, Bel Air MD 21015",(410) 420-2050
Sangamore Rd,"4701 Sangamore Rd, Bethesda MD 20816",(301) 320-1770
Bradley Blvd,"5000 Bradley Blvd, Bethesda MD 20815",(301) 215-4148
Fairwood Pkwy,"12410 Fairwood Pkwy, Bowie MD 20720",(301) 867-0340
N View Dr,"4101 Northview Dr, Bowie MD 20716",(301) 262-7992
S Crain Hwy,"15916 S Crain Hwy, Brandywine MD 20613",(301) 242-9260
Main St,"1925 Main St, Chester MD 21619",(410) 604-0656
Branch Ave,"8785 Branch Ave, Clinton MD 20735",(301) 856-7850
Harpers Farm Rd,"5485 Harpers Farm Rd, Columbia MD 21044",(410) 740-4501
Main St,"9807 Main St, Damascus MD 20872",(301) 391-6146
Southern Maryland Blvd,"10276 Southern Maryland Blvd, Dunkirk MD 20754",(301) 855-3765
Central Ave,"52 W Central Ave, Edgewater MD 21037",(410) 919-1156
Londontowne Blvd,"1313 Londontown Blvd, Eldersburg MD 21784",(410) 552-1021
Baltimore National Pike,"10000 Baltimore National Pike, Ellicott City MD 21042",(410) 750-3000
Montgomery Rd,"4370 Montgomery Rd, Ellicott City MD 21043",(410) 203-1210
Swan Creek Rd,"990 E Swan Creek Rd, Fort Washington MD 20744",(301) 965-6000
Darnestown Rd,"12251 Darnestown Rd, Gaithersburg MD 20878",(301) 417-0866
Goshen Rd,"20211 Goshen Rd, Gaithersburg MD 20879",(301) 670-1626
Chapel Lake Dr,"2644 Chapel Lake Dr, Gambrills MD 21054",(410) 451-4750
Germantown Rd,"19718 Germantown Rd, Germantown MD 20874",(301) 916-8584
Greenbelt Rd,"7595 Greenbelt Rd, Greenbelt MD 20770",(301) 345-0150
Arundel Mills Blvd,"7643 Arundel Mills Blvd, Hanover MD 21076",(410) 904-7222
East-West Hwy,"3702 East-West Hwy, Hyattsville MD 20782",(301) 955-1941
Connecticut Ave,"10541 Connecticut Ave, Kensington MD 20895",(301) 945-4273
Shining Willow Way,"40 Shining Willow Way, La Plata MD 20646",(301) 392-1875
E Main St,"815 E Main St, Middletown MD 21769",(301) 371-3126
Ridgeville Blvd,"337 E Ridgeville Blvd, Mount Airy MD 21771",(301) 829-6517
Spartan Rd,"3333 Spartan Rd, Olney MD 20832",(301) 774-8153
Reisterstown Rd,"10335 Reisterstown Rd, Owings Mills MD 21117",(410) 998-3820
Oxon Hill Rd,"6235 Oxon Hill Rd, Oxon Hill MD 20745",(301) 839-0718
Waltham Woods Rd,"8858 Waltham Woods Rd, Parkville MD 21234",(410) 882-8822
Mountain Rd,"4211 Mountain Rd, Pasadena MD 21122",(410) 439-4560
Belair Rd,"9645 Belair Rd, Perry Hall MD 21128",(410) 256-3021
Sweet Air Rd,"3499 Sweet Air Rd, Phoenix MD 21131",(410) 666-0787
River Rd,"10104 River Rd, Potomac MD 20854",(301) 983-2150
W Dares Beach Rd,"80 W Dares Beach Rd, Prince Frederick MD 20678",(410) 414-7400
Shady Grove Rd,"14939 Shady Grove Rd, Rockville MD 20850",(301) 944-1584
Rockville Pike,"1800 Rockville Pike, Rockville MD 20852",(301) 945-3608
Redland Blvd,"403 Redland Blvd, Rockville MD 20850",(301) 990-3150
Norbeck Rd,"5510 Norbeck Rd, Rockville MD 20853",(301) 438-4020
Benfield Rd,"540 Benfield Rd, Severna Park MD 21146",(410) 647-9487
New Hampshire Ave,"10101 New Hampshire Ave, Silver Spring MD 20903",(301) 445-6190
University Blvd,"116 University W Blvd, Silver Spring MD 20901",(301) 593-7526
New Hampshire Ave,"15411 New Hampshire Ave, Silver Spring MD 20905",(301) 476-8300
Thayer Ave,"909 Thayer Ave, Silver Spring MD 20910",(301) 565-0686
York Rd,"1017 York Rd, Towson MD 21204",(410) 296-2267
Crain Hwy,"7605 Crain Hwy, Upper Marlboro MD 20772",(301) 574-1351
King St,"10 King St, Waldorf MD 20602",(301) 843-2825
Waldorf Market Pl,"3051 Waldorf Market Pl, Waldorf MD 20603",(301) 632-5680
Walkers Village Way,"151 Walkers Village Way, Walkersville MD 21793",(301) 845-2844
Wmc Dr,"444 WMC Dr #116, Westminster MD 21158",(410) 871-1200
Georgia Ave,"11201 Georgia Ave, Wheaton MD 20902",(301) 933-0436
W Main St,"1735 W Main St, Bozeman MT 59715",(406) 587-9017
Massachusetts Ave,"2500 Massachusetts Ave, Butte MT 59701",(406) 494-7046
Front St,"310 W Front St, Butte MT 59701",(406) 723-5808
N Main St,"201 N Main St, Deer Lodge MT 59722",(406) 846-1550
Montana St,"570 N Montana St, Dillon MT 59725",(406) 683-5002
E Main St,"101 E Main St, Hamilton MT 59840",(406) 363-2270
Montana St,"611 N Montana Ave, Helena MT 59601",(406) 443-1598
Mt Hwy 35,"146 South Shore Route, Polson MT 59860",(406) 883-2340
Hwy 93 S,"6580 Hwy 93 S, Whitefish MT 59937",(406) 862-3006
E Third St,"500 E 3rd St, Alliance NE 69301",(308) 762-4661
Morehead St,"230 Morehead St, Chadron NE 69337",(308) 432-4428
N Spruce St,"611 N Spruce St, Ogallala NE 69153",(308) 284-4044
Broadway,"601 Broadway, Scottsbluff NE 69361",(308) 635-1232
Illinois St,"1944 Illinois St, Sidney NE 69162",(308) 254-4767
Williams Ave,"890 W Williams Ave, Fallon NV 89406",(775) 428-2330
Hwy 95,"1095 Hwy 95, Hawthorne NV 89415",(775) 945-2159
Dartmouth Ave,"400 Dartmouth Ave, Lovelock NV 89419",(775) 273-2418
Damonte Ranch Pkwy,"1031 Steamboat Pkwy, Reno NV 89521",(775) 332-0910
Mae Anne Ave,"5150 Mae Anne Ave, Reno NV 89523",(775) 746-9000
Vista Blvd,"2858 Vista Blvd, Sparks NV 89434",(775) 352-8470
Elks Point Rd,"212 Elks Point Rd, Zephyr Cove NV 89448",(775) 586-8387
N Main St,"415 N Main Ave, Aztec NM 87410",(505) 334-7334
E Main St,"3540 E Main St, Farmington NM 87402",(505) 327-3349
Main St,"730 W Main St, Farmington NM 87401",(505) 325-8732
N Hwy 666,"980 N Hwy 491, Gallup NM 87301",(505) 722-7620
14th Ave SE,"1990 14th Ave SE, Albany OR 97322",(541) 812-2380
Tualatin Valley Hwy,"20535 SW Tualatin Valley Hwy, Aloha OR 97006",(503) 259-3180
Aloha,"6055 SW 185th Ave, Aloha OR 97078",(503) 642-7059
Siskiyou Blvd,"585 Siskiyou Blvd, Ashland OR 97520",(541) 482-7777
Leif Erickson Dr,"3250 Leif Erickson Dr, Astoria OR 97103",(503) 338-2960
Campbell St,"1205 Campbell St, Baker City OR 97814",(541) 523-7276
SW Teal Blvd,"14555 SW Teal Blvd, Beaverton OR 97007",(503) 590-9755
SW Murray Blvd,"6194 SW Murray Blvd, Beaverton OR 97008",(503) 672-8180
NE Hwy 20,"2650 NE Hwy 20, Bend OR 97701",(541) 383-6500
Century Blvd,"320 W Century Blvd, Bend OR 97702",(541) 389-0085
Bend,"61155 S Hwy 97, Bend OR 97702",(541) 382-3600
NE 3rd,"642 NE 3rd, Bend OR 97701",(541) 312-6480
SE Hwy 212,"20151 SE Hwy 212, Boring OR 97089",(503) 658-7000
Monroe St,"246 W Monroe St, Burns OR 97720",(541) 573-8580
SW 1st Ave,"1051 SW 1st Ave, Canby OR 97013",(503) 266-5890
SE Sunnyside Rd,"12032 SE Sunnyside Rd, Clackamas OR 97015",(503) 698-1121
W Columbia River Hwy,"401 W Columbia River Hwy, Clatskanie OR 97016",(503) 728-2490
Johnson Ave,"230 E Johnson Ave, Coos Bay OR 97420",(541) 267-1700
E First St,"155 E 1st St, Coquille OR 97423",(541) 396-2223
SW Third Ave,"450 SW 3rd St, Corvallis OR 97333",(541) 750-0160
SW Philomath Blvd,"5270 SW Philomath Blvd, Corvallis OR 97333",(541) 738-2100
NE Circle Blvd,"590 NE Circle Blvd, Corvallis OR 97330",(541) 753-2966
E Main St,"1500 E Main St, Cottage Grove OR 97424",(541) 942-3413
Ellendale,"138 W Ellendale Ave, Dallas OR 97338",(503) 831-6000
North St,"601 W North St, Enterprise OR 97828",(541) 426-3722
E 18th St,"145 E 18th Ave, Eugene OR 97401",(541) 485-5051
Coburg Rd,"1500 Coburg Rd, Eugene OR 97401",(541) 685-8873
40th Ave,"350 E 40th Ave, Eugene OR 97405",(541) 342-4067
Hwy 101,"700 Hwy 101, Florence OR 97439",(541) 902-1900
Pacific Ave,"2836 Pacific Ave, Forest Grove OR 97116",(503) 359-8700
82nd Dr,"95 82nd Dr, Gladstone OR 97027",(503) 723-2680
7th St,"115 E 7th St, Grants Pass OR 97526",(541) 956-7540
Williams Hwy,"1640 Williams Hwy, Grants Pass OR 97527",(541) 476-1242
SW Highland Dr,"1001 SW Highland Dr, Gresham OR 97080",(503) 674-7080
NE Division St,"1455 NE Division St, Gresham OR 97030",(503) 492-7270
Hwy 395 S,"990 Hwy 395 S, Hermiston OR 97838",(541) 564-1280
NW 185th Ave,"2177 NW 185th Ave, Hillsboro OR 97124",(503) 645-6631
SE Tualatin Valley Hwy,"2525 SE Tualatin Valley Hwy, Hillsboro OR 97123",(503) 681-0256
25th & Cornell,"888 NE 25th Ave, Hillsboro OR 97124",(503) 681-8927
Cascade Ave,"2249 Cascade Ave, Hood River OR 97031",(541) 386-1841
Ivy St,"1755 Ivy St, Junction City OR 97448",(541) 998-4520
River Rd,"4990 River Rd, Keizer OR 97303",(503) 390-8810
Pacific Hwy,"15570 SW Pacific Hwy, King City OR 97224",(503) 598-6001
Adams Ave,"2111 Adams Ave, La Grande OR 97850",(541) 663-2700
Boones Ferry Rd,"17779 Boones Ferry Rd, Lake Oswego OR 97035",(503) 675-2500
A Ave,"401 A Ave, Lake Oswego OR 97034",(503) 675-4480
N F St,"244 N F St, Lakeview OR 97630",(541) 947-2324
S Main St,"1983 S Main St, Lebanon OR 97355",(541) 259-5700
Logan Rd,"4101 NW Logan Rd, Lincoln City OR 97367",(541) 994-8667
NE Cedar St,"80 NE Cedar St, Madras OR 97741",(541) 325-0460
N Hwy 99 W,"2490 N Hwy 99 W, McMinnville OR 97128",(503) 435-3120
Medford Ctr,"1003 Medford Ctr, Medford OR 97504",(541) 608-3680
Crater Lake Hwy,"3169 Crater Lake Hwy, Medford OR 97504",(541) 774-4340
Columbia St,"455 N Columbia St, Milton Freewater OR 97862",(541) 938-5341
SE Webster Rd,"14840 SE Webster Rd, Milwaukie OR 97267",(503) 303-1071
SE King Rd,"4320 SE King Rd, Milwaukie OR 97222",(503) 303-1441
W Main St,"1525 W Main St, Molalla OR 97038",(503) 829-4848
Springbrook Rd,"1140 N Springbrook Rd, Newberg OR 97132",(503) 537-4001
Coast Hwy,"2220 N Coast Hwy, Newport OR 97365",(541) 265-2930
Virginia Ave,"1735 Virginia Ave, North Bend OR 97459",(541) 751-7000
Colton Pl,"13434 Colton Pl, Oregon City OR 97045",(503) 655-8155
SW 20th Ave,"201 SW 20th St, Pendleton OR 97801",(541) 278-4280
SW Jefferson St,"1030 SW Jefferson St, Portland OR 97201",(503) 205-1849
NE Broadway,"1100 NE Broadway, Portland OR 97232",(503) 528-0500
NW Lovejoy St,"1303 NW Lovejoy St, Portland OR 97209",(503) 205-6746
NW Cornell Rd,"13485 NW Cornell Rd, Portland OR 97229",(503) 350-2080
West Union & 185th,"18425 NW West Union Rd, Portland OR 97229",(503) 533-5998
SE Hawthorne Blvd,"2800 SE Hawthorne Blvd, Portland OR 97214",(503) 236-7070
122nd Ave,"3527 SE 122nd Ave, Portland OR 97236",(503) 760-5448
SE Powell Blvd,"3930 SE Powell Blvd, Portland OR 97202",(503) 772-4440
Woodstock Blvd,"4515 SE Woodstock Blvd, Portland OR 97206",(503) 788-7600
NE Martin Luther King Blvd,"5920 NE Martin Luther King Blvd, Portland OR 97211",(503) 528-0580
NE Sandy Blvd,"6901 NE Sandy Blvd, Portland OR 97213",(503) 280-1200
SW Barbur Blvd,"8145 SW Barbur Blvd, Portland OR 97219",(503) 452-6068
N Ivanhoe St,"8330 N Ivanhoe St, Portland OR 97203",(503) 205-1599
S Hwy 97,"1705 S Hwy 97, Redmond OR 97756",(541) 504-4160
Hwy 101,"1499 Hwy 101, Reedsport OR 97467",(541) 271-3142
NW Stephens St,"1539 NE Stephens St, Roseburg OR 97470",(541) 957-2540
Lower Columbia River Hwy,"795 Lower Columbia River Hwy, Saint Helens OR 97051",(503) 397-2630
Center St,"1265 Center St, Salem OR 97301",(503) 566-5540
Edgewater St NW,"1455 Edgewater St NW, Salem OR 97304",(503) 365-2170
Lancaster Dr NE,"3380 Lancaster Dr NE, Salem OR 97305",(503) 399-1502
Commercial St SE,"5660 Commercial St SE, Salem OR 97306",(503) 364-4192
Hwy 26,"37601 Hwy 26, Sandy OR 97055",(503) 668-3202
Roosevelt Dr,"401 S Roosevelt Dr, Seaside OR 97138",(503) 738-4700
SW Roy Rogers,"20685 SW Roy Rogers, Sherwood OR 97140",(503) 625-4760
Westfield St,"301 Westfield St, Silverton OR 97381",(503) 873-1800
Pioneer Pkwy E,"1891 Pioneer Pkwy E, Springfield OR 97477",(541) 747-0715
N 1st St,"1535 N First St, Stayton OR 97383",(503) 769-4814
Main St,"1540 Main St, Sweet Home OR 97386",(541) 367-0670
Mt Hood St,"520 Mt Hood St, The Dalles OR 97058",(541) 296-9488
Barrows,"14300 SW Barrows Rd, Tigard OR 97223",(503) 590-0543
4th St,"1815 4th St, Tillamook OR 97141",(503) 842-4608
Troutdale,"25691 SE Stark, Troutdale OR 97060",(503) 667-1722
Salamo Rd,"22000 Salamo Rd, West Linn OR 97068",(503) 650-8954
Wilsonville Rd,"8255 SW Wilsonville Rd, Wilsonville OR 97070",(503) 404-2819
N Pacific Hwy,"1550 N Pacific Hwy, Woodburn OR 97071",(503) 982-2756
Mt. Rushmore Rd,"2120 Mt Rushmore Rd, Rapid City SD 57701",(605) 348-5125
Mountain View Rd,"730 Mountain View Rd, Rapid City SD 57702",(605) 342-8455
North Ave,"1606 North Ave, Spearfish SD 57783",(605) 642-5728
Belle View,"1624 Belle View, Alexandria VA 22307",(703) 765-3434
Van Dorn St,"299 S Van Dorn St, Alexandria VA 22304",(703) 751-4827
King St,"3526 King St, Alexandria VA 22302",(571) 312-0029
Royal St,"500 S Royal St, Alexandria VA 22314",(703) 836-0380
Kingstowne Towne Ctr,"5980 Kingstowne Towne Ctr, Alexandria VA 22315",(703) 921-3125
Rose Hill Dr,"6130 Rose Hill Dr, Alexandria VA 22310",(703) 313-8800
Ft Hunt Rd,"7900 Ft Hunt Rd, Alexandria VA 22308",(703) 765-0924
Richmond Hwy,"8646 Richmond Hwy, Alexandria VA 22309",(703) 780-3646
Little River Turnpike,"7414 Little River Turnpike, Annandale VA 22003",(703) 941-3874
Wilson Blvd,"1525 Wilson Blvd, Arlington VA 22209",(703) 276-9315
Harrison St,"2500 N Harrison St, Arlington VA 22207",(703) 538-6700
Langston Blvd,"3713 Langston Blvd, Arlington VA 22207",(703) 841-1155
Wilson Blvd,"5101 Wilson Blvd, Arlington VA 22205",(703) 524-1528
Braemar Village Plaza,"12821 Braemar Village Plaza, Bristow VA 20136",(703) 257-0153
Burke Centre Pkwy,"5727 Burke Centre Pkwy, Burke VA 22015",(703) 323-8784
Old Keene Mill Rd,"9596 Old Keene Mill Rd, Burke VA 22015",(703) 440-1341
Gate Shopping Ctr,"309 Southgate Shopping Ctr, Culpeper VA 22701",(540) 825-8337
Cheshire Station Plaza,"4215 Cheshire Station Plaza, Dale City VA 22193",(703) 590-5530
Willard Way,"10350 Willard Way, Fairfax VA 22030",(703) 591-8473
W Ox Rd,"12200 Fairfax Towne Center, Fairfax VA 22033",(703) 359-0523
Nutley St,"3043 Nutley St, Fairfax VA 22031",(703) 269-2241
Braddock Rd,"9525 Braddock Rd, Fairfax VA 22032",(703) 978-4604
Main St and Pickett,"9622 Main St, Fairfax VA 22031",(703) 995-5644
Arlington Blvd,"6118 Arlington Blvd, Falls Church VA 22044",(703) 531-0030
Lee Hwy,"7397 Lee Hwy, Falls Church VA 22042",(703) 573-2057
Georgetown Pike,"9881 Georgetown Pike, Great Falls VA 22066",(703) 759-3802
Elden St,"413 Elden St, Herndon VA 20170",(571) 262-2968
S King St,"437 S King St, Leesburg VA 20175",(703) 777-5833
Anderson Rd,"1688 Anderson Rd, Mclean VA 22102",(703) 343-1000
Old Dominion Dr,"6244 Old Dominion Dr, Mclean VA 22101",(703) 538-6539
W Washington St,"12 W Washington St, Middleburg VA 20117",(540) 687-6401
Lakes Dr,"11120 S Lakes Dr, Reston VA 20191",(703) 620-3400
Hunters Woods Plaza,"2304 Hunter's Woods Plaza, Reston VA 20191",(703) 716-4193
S Sterling Blvd,"22350 S Sterling Blvd, Sterling VA 20164",(703) 948-1080
Lee Hwy,"189 W Lee Hwy, Warrenton VA 20186",(540) 347-7909
Old Bridge Rd,"2205 Old Bridge Rd, Woodbridge VA 22192",(703) 494-8858
Merchant Plaza,"4240 Merchant Plaza, Woodbridge VA 22192",(703) 590-1057
Heron St,"221 W Heron St, Aberdeen WA 98520",(360) 533-1955
11th St,"911 11th St, Anacortes WA 98221",(360) 293-5393
Olympic Place,"20500 Olympic Pl, Arlington WA 98223",(360) 435-3636
172nd St,"3532 172nd St NE, Arlington WA 98223",(360) 653-4144
Auburn Way S,"101 Auburn Way S, Auburn WA 98002",(253) 804-0138
Auburn,"4010 A St, Auburn WA 98002",(253) 939-1850
High School Rd NE,"253 High School Rd NE, Bainbridge Island WA 98110",(206) 842-7197
W Main St,"904 W Main St, Battle Ground WA 98604",(360) 666-2230
NE State Route 3,"23961 NE State Route 3, Belfair WA 98528",(360) 275-0922
Eastgate,"15100 SE 38th St, Bellevue WA 98006",(425) 641-2783
140th Ave NE,"1645 140th Ave NE, Bellevue WA 98005",(425) 373-5263
Bellevue Way NE,"300 Bellevue Way NE, Bellevue WA 98004",(425) 749-3885
E Sunset Dr,"1275 E Sunset Dr, Bellingham WA 98226",(360) 647-8311
Hwy 410,"21301 Hwy 410, Bonney Lake WA 98391",(253) 862-1212
Bothell Hwy,"20711 Bothell Hwy, Bothell WA 98012",(425) 483-1060
Bothell Everett Hwy,"24040 Bothell Everett Hwy, Bothell WA 98021",(425) 482-2767
McWilliams Rd,"1401 NE McWilliams Rd, Bremerton WA 98311",(360) 373-8911
Callow Ave,"900 N Callow Ave, Bremerton WA 98312",(360) 792-9149
First Ave S,"12725 1st Ave S, Burien WA 98168",(206) 439-7212
SW 148th St,"138 SW 148th St, Burien WA 98166",(206) 243-3043
NE 3rd Ave,"800 NE 3rd Ave, Camas WA 98607",(360) 834-7933
Harrison Ave &th Johnson Ave,"1129 Harrison Ave, Centralia WA 98531",(360) 330-0884
Market Blvd,"1100 S Market Blvd, Chehalis WA 98532",(360) 748-3777
Manson Rd,"106 W Manson Rd, Chelan WA 98816",(509) 682-2615
1st St,"2710 1st St, Cheney WA 99004",(509) 235-6400
Colville Ave,"10 W Colville Ave, Chewelah WA 99109",(509) 935-8383
W First St,"804 W 1st St, Cle Elum WA 98922",(509) 674-2580
Main St,"391 N Main St, Colville WA 99114",(509) 684-3782
SE 272nd,"17023 SE 272nd, Covington WA 98042",(253) 630-0063
Morgan St,"1220 Morgan St, Davenport WA 99122",(509) 725-7151
Pacific Hwy S,"21401 Pacific Hwy S, Des Moines WA 98198",(206) 824-2737
Pacific Hwy S,"27035 Pacific Hwy S, Des Moines WA 98198",(253) 946-8087
Main St NE,"14020 Main St NE, Duvall WA 98019",(425) 844-1188
Grant Rd,"510 Grant Rd, East Wenatchee WA 98802",(509) 884-0707
Hwy 99,"23632 Hwy 99, Edmonds WA 98026",(425) 778-1411
Ruby St,"400 N Ruby St, Ellensburg WA 98926",(509) 925-2700
Roosevelt Ave E,"152 Roosevelt Ave E, Enumclaw WA 98022",(360) 825-5023
Basin St SW,"1150 Basin St SW, Ephrata WA 98823",(509) 754-4441
19th Ave SE,"11031 19th Ave SE, Everett WA 98208",(425) 337-0886
Broadway Ave,"1715 Broadway Ave, Everett WA 98201",(425) 252-9898
Rucker,"4128 Rucker Ave, Everett WA 98203",(425) 258-3552
128th & I - 5,"520 128th St SW, Everett WA 98204",(425) 347-3681
134th Place SE,"5802 134th Place SE, Everett WA 98208",(425) 332-6175
Evergreen Way,"7601 Evergreen Way, Everett WA 98203",(425) 355-7622
S 320th St,"1207 S 320th St, Federal Way WA 98003",(253) 839-8503
SW 336th St,"2109 SW 336th St, Federal Way WA 98023",(253) 838-9941
Military Rd S,"28810 Military Rd S, Federal Way WA 98003",(253) 941-1500
Point Fosdick Dr NW,"4831 Point Fosdick Dr NW, Gig Harbor WA 98335",(253) 853-1950
224th St E,"10105 224th St E, Graham WA 98338",(253) 847-7050
Midway Ave,"320 Midway Ave, Grand Coulee WA 99133",(509) 633-2411
E Wine Country Rd,"610 E Wine Country Rd, Grandview WA 98930",(509) 882-1325
Highlands Dr,"1451 Highlands Dr, Issaquah WA 98029",(425) 369-3113
Gilman Blvd,"735 NW Gilman Blvd, Issaquah WA 98027",(425) 392-0410
Three Rivers Dr,"411 Three Rivers Dr, Kelso WA 98626",(360) 636-4548
NE Bothell Way,"6850 NE Bothell Way, Kenmore WA 98028",(425) 487-2001
West Kennewick,"5204 W Clearwater Ave, Kennewick WA 99336",(509) 783-1457
SE Kent Kangley Rd,"13101 SE Kent-Kangley Rd, Kent WA 98030",(253) 638-7275
108th Ave SE,"20830 108th Ave SE, Kent WA 98031",(253) 854-2814
Washington Ave S,"210 Washington Ave S, Kent WA 98032",(253) 852-4454
Kingston,"8196 NE Hwy 104, Kingston WA 98346",(360) 297-1800
NE 137th St,"10020 NE 137th St, Kirkland WA 98034",(425) 821-9224
NE 85th St,"12519 NE 85th St, Kirkland WA 98033",(425) 822-8821
124th Ave NE,"14444 124th Ave NE, Kirkland WA 98034",(425) 821-2112
Marvin Rd NE,"1243 Marvin Rd NE, Lacey WA 98516",(360) 438-3914
Yelm Rd SE,"4700 Yelm Hwy SE, Lacey WA 98503",(360) 438-0203
Pacific Ave SE,"6200 Pacific Ave SE, Lacey WA 98503",(360) 486-3400
SR 9 NE,"717 SR 9 NE, Lake Stevens WA 98258",(425) 249-4000
Gravelly Lake Dr SW,"10223 Gravelly Lake Dr SW, Lakewood WA 98499",(253) 581-2072
Riverbend Dr,"116 Riverbend Dr, Leavenworth WA 98826",(509) 548-5435
Liberty Lake,"1304 N Liberty Lake Rd, Liberty Lake WA 99019",(509) 924-2374
15th Ave,"1227 15th Ave, Longview WA 98632",(360) 575-6600
Ocean Beach Hwy,"2930 Ocean Beach Hwy, Longview WA 98632",(360) 575-6240
Guide Meridian rd,"8071 Guide Meridian Rd #101, Lynden WA 98264",(360) 318-0688
Mukilteo,"12811 Beverly Park Rd, Lynnwood WA 98087",(425) 347-3060
Hwy 99 N,"14826 Hwy 99 N, Lynnwood WA 98087",(425) 743-7771
Lynnwood,"19500 Hwy 99 Suite 110, Lynnwood WA 98036",(425) 670-9803
Maple Valley Rd,"26916 Maple Valley Rd, Maple Valley WA 98038",(425) 432-2020
State St,"1258 State St, Marysville WA 98270",(360) 658-8483
Mill Creek,"16304 Bothell Everett Hwy, Mill Creek WA 98012",(425) 743-3095
Thomas Lake,"3322 132nd St SE, Mill Creek WA 98012",(425) 338-0775
Meridian Ave,"900 E Meridian Ave Suite 12, Milton WA 98354",(253) 927-2332
Hwy 2,"19651 Hwy 2, Monroe WA 98272",(360) 794-9292
Pioneer Way,"601 S Pioneer Way, Moses Lake WA 98837",(509) 765-3961
College Way,"315 E College Way, Mount Vernon WA 98273",(360) 424-8160
212th & 44th,"4301 212th St SW, Mountlake Terrace WA 98043",(425) 775-4154
Coal Creek Pkwy SE,"6911 Coal Creek Pkwy SE, Newcastle WA 98059",(425) 641-0902
W Walnut St,"121 W Walnut St, Newport WA 99156",(509) 447-2506
Mt Si Blvd,"460 SW Mt Si Blvd, North Bend WA 98045",(425) 831-2122
Erie St,"1450 SW Erie St, Oak Harbor WA 98277",(360) 279-8828
Harrison Ave NW & Cooper Point Rd SW,"3215 Harrison Ave NW, Olympia WA 98502",(360) 956-3782
Martin Way E,"4280 Martin Way E, Olympia WA 98516",(360) 456-7132
Omache Dr,"607 Omache Dr, Omak WA 98841",(509) 826-3404
Whitesell St NW,"215 Whitsell St NW, Orting WA 98360",(360) 893-0840
3rd St,"110 E 3rd St, Port Angeles WA 98362",(360) 457-0788
E Hwy 101,"2709 E Hwy 101, Port Angeles WA 98362",(360) 457-1461
Bethel Rd SE,"3355 Bethel Rd SE, Port Orchard WA 98366",(360) 874-8300
Sedgwick & Sidney,"370 SW Sedgwick Rd, Port Orchard WA 98367",(360) 876-2085
Sims Way,"442 W Sims Way, Port Townsend WA 98368",(360) 385-2806
10th Ave NE,"19245 10th Ave NE, Poulsbo WA 98370",(360) 394-0023
SE Bishop Blvd,"430 SE Bishop Blvd, Pullman WA 99163",(509) 334-0803
Canyon Rd E,"11501 Canyon Rd E, Puyallup WA 98373",(253) 536-4792
Meridian E,"13308 Meridian E, Puyallup WA 98373",(253) 864-7277
176th St E,"5616 176th St E, Puyallup WA 98375",(253) 414-1737
Meridian,"611 S Meridian, Puyallup WA 98371",(253) 845-2010
Shaw Rd,"708 Shaw Rd E, Puyallup WA 98372",(253) 251-5113
NE 24th St,"15000 NE 24th St, Redmond WA 98052",(425) 869-7343
Redmond Way,"17246 Redmond Way, Redmond WA 98052",(425) 885-3323
140th Ave SE,"17230 140th Ave SE, Renton WA 98058",(425) 228-1740
S 3rd St,"200 S 3rd St, Renton WA 98057",(425) 255-4151
Sunset Blvd,"2725 NE Sunset Blvd, Renton WA 98056",(425) 228-5700
NE 4th St,"4300 NE 4th St, Renton WA 98059",(425) 226-7666
George Washington Way,"1803 George Washington Way, Richland WA 99354",(509) 946-9605
Leslie & Gage,"690 Gage Blvd, Richland WA 99352",(509) 627-4714
228th Ave NE,"630 228th Ave NE, Sammamish WA 98074",(425) 868-4000
15th Ave NE,"12318 15th Ave NE, Seattle WA 98125",(206) 306-0504
John St,"1410 E John St, Seattle WA 98112",(206) 323-4988
Market St,"1423 NW Market St, Seattle WA 98107",(206) 784-6480
Madison St,"2201 E Madison St, Seattle WA 98112",(206) 494-1518
California Ave W,"2622 California Ave SW, Seattle WA 98116",(206) 937-2272
Rainier Ave,"3820 Rainier Ave S, Seattle WA 98118",(206) 725-9575
Othello St,"3900 S Othello St, Seattle WA 98118",(206) 722-5552
S 164th,"4011 S 164th, Seattle WA 98188",(206) 244-2567
Brooklyn and NE 50th St,"4732 Brooklyn Ave NE, Seattle WA 98105",(206) 926-2620
42nd Ave SW,"4754 42nd Ave SW, Seattle WA 98116",(206) 932-6026
1st Ave W,"516 1st Ave W, Seattle WA 98119",(206) 494-1685
Roosevelt Way NE,"7300 Roosevelt Way NE, Seattle WA 98115",(206) 525-6348
35th Ave NE,"7340 35th Ave NE, Seattle WA 98115",(206) 524-7064
15th Ave NW,"8340 15th Ave NW, Seattle WA 98117",(206) 782-7464
Rainier Ave S,"9262 Rainier Ave S, Seattle WA 98118",(206) 494-1120
28th Ave SW,"9620 28th Ave SW, Seattle WA 98126",(206) 935-3996
W Washington St,"680F W Washington St, Sequim WA 98382",(360) 681-2905
Franklin St,"600 Franklin St, Shelton WA 98584",(360) 426-9978
Aurora Ave N,"15332 Aurora Ave N, Shoreline WA 98133",(206) 364-0453
15th Ave NE,"17202 15th Ave NE, Shoreline WA 98155",(206) 363-3130
NW Bucklin Hill Rd,"2890 NW Bucklin Hill Rd, Silverdale WA 98383",(360) 692-4488
13th St,"1119 13th St, Snohomish WA 98290",(360) 568-7215
Snohomish,"17520 SR 9 SE, Snohomish WA 98296",(360) 668-1132
Douglas and Snoqualmie,"34828 SE Douglas St, Snoqualmie WA 98065",(425) 831-0376
Newport Hwy,"10100 N Newport Hwy, Spokane WA 99218",(509) 465-2576
Highway 27 & 32nd Ave,"13606 E 32nd Ave, Spokane WA 99216",(509) 892-2112
E Sprague Ave,"14020 E Sprague Ave, Spokane WA 99216",(509) 921-9859
Northwest Blvd,"1616 W Northwest Blvd, Spokane WA 99205",(509) 327-4974
Wellesley Ave,"2507 W Wellesley Ave, Spokane WA 99205",(509) 327-4593
E 29th Ave,"2509 E 29th Ave, Spokane WA 99223",(509) 532-0822
57th & Regal,"3010 E 57th Ave, Spokane WA 99223",(509) 443-6403
N Market St,"3919 N Market St, Spokane WA 99207",(509) 484-5195
Millwood,"8851 E Trent Ave, Spokane WA 99212",(509) 924-9014
Barnes & Indian Trails,"9001 N Indian Trail Rd, Spokane WA 99208",(509) 465-8110
W Francis Ave,"902 W Francis Ave, Spokane WA 99205",(509) 327-4880
Mission Ave,"933 E Mission Ave, Spokane WA 99202",(509) 482-1987
6th St,"613 S 6th St, Sunnyside WA 98944",(509) 837-4610
M St.,"1112 S M St, Tacoma WA 98405",(253) 627-8840
S 38th St,"1302 S 38th St, Tacoma WA 98418",(253) 471-1630
Pacific Ave S,"15805 Pacific Ave S, Tacoma WA 98444",(253) 535-1111
72nd St E,"1624 72nd St E, Tacoma WA 98404",(253) 537-2124
Proctor St,"2411 N Proctor St, Tacoma WA 98406",(253) 752-5570
N Pearl St,"2637 N Pearl St, Tacoma WA 98407",(253) 759-9251
Bridgeport Way,"3842 Bridgeport Way, Tacoma WA 98466",(253) 565-6215
S 56th St,"707 S 56th St, Tacoma WA 98408",(253) 471-3477
Miller,"8611 Steilacoom Blvd SW, Tacoma WA 98498",(253) 582-5844
W First Ave,"711 W 1st Ave, Toppenish WA 98948",(509) 865-5700
Cleveland Ave SE,"520 Cleveland Ave SE, Tumwater WA 98501",(360) 943-1830
Tumwater,"705 Trosper Rd SW, Tumwater WA 98512",(360) 705-3569
NE Hwy 99,"13023 NE Hwy 99 Suite 1, Vancouver WA 98686",(360) 566-7980
Mill Plain Blvd,"13719 SE Mill Plain Blvd, Vancouver WA 98684",(360) 891-4245
Salmon Creek,"14300 NE 20th Ave, Vancouver WA 98686",(360) 576-4066
NE 112th Ave,"2615 NE 112th Ave, Vancouver WA 98684",(360) 449-5200
Main St,"3707 N Main St, Vancouver WA 98663",(360) 993-8600
NE 81st St,"408 NE 81st St, Vancouver WA 98665",(360) 574-1141
NE 162nd Ave,"6700 NE 162nd Ave Suite 500, Vancouver WA 98682",(360) 944-2680
E Mill Plain Blvd,"6701 E Mill Plain Blvd, Vancouver WA 98661",(360) 992-5720
NE 63rd St,"6711 NE 63rd St, Vancouver WA 98661",(360) 992-5680
Plaza Way,"1600 Plaza Way, Walla Walla WA 99362",(509) 529-0470
Rose St,"215 E Rose St, Walla Walla WA 99362",(509) 529-3711
Evergreen Blvd,"3307 Evergreen Way Bldg 5, Washougal WA 98671",(360) 335-2000
N Miller St,"501 N Miller St, Wenatchee WA 98801",(509) 663-5336
NE Woodinville Duvall Rd,"19150 NE Woodinville Duvall Rd, Woodinville WA 98077",(425) 788-9150
Pacific Ave,"1725 Pacific Ave, Woodland WA 98674",(360) 225-4370
Lincoln Ave,"1610 W Lincoln Ave, Yakima WA 98902",(509) 248-4274
N 5th Ave,"205 N 5th Ave, Yakima WA 98902",(509) 453-8833
W Nob Hill Blvd,"2204A W Nob Hill Blvd, Yakima WA 98902",(509) 452-8860
Summitview Ave,"5702 Summitview Ave, Yakima WA 98908",(509) 965-3622
E Meade Ave,"905 E Meade Ave, Yakima WA 98903",(509) 457-6040
Yelm Ave E,"1109 Yelm Ave E, Yelm WA 98597",(360) 458-8830
Greeley Hwy,"700 S Greeley Hwy, Cheyenne WY 82007",(307) 635-7877
Richards St,"1900 E Richards St, Douglas WY 82633",(307) 358-3446
Main St,"1165 W Main St, Lander WY 82520",(307) 332-3636
N Third St,"554 N 3rd St, Laramie WY 82072",(307) 721-5107
16th St,"1307 16th St, Wheatland WY 82201",(307) 322-4530