Store Name,Address,Phone
Huntsville,"2501 Memorial Pkwy SW, Huntsville, AL 35801",(256) 801-3741
Mountain Brook,"3100 Cahaba Village Plaza, Birmingham, AL 35243",(205) 912-8400
Flagstaff,"320 S Cambridge Ln, Flagstaff, AZ 86001",(928) 774-5747
Sedona,"1420 W State Rte 89A, Sedona, AZ 86336",(928) 282-6311
River Road,"5555 E River Rd, Tucson, AZ 85750",(520) 461-1300
Scottsdale,"7111 E Mayo Blvd, Phoenix, AZ 85054",(480) 515-3777
Oracle,"7133 N Oracle Rd, Tucson, AZ 85704",(520) 352-0111
Speedway,"3360 E Speedway Blvd, Tucson, AZ 85716",(520) 795-9844
Paradise Valley,"10810 N Tatum Blvd, Phoenix, AZ 85028",(602) 569-7600
Tempe,"750 S Ash Ave, Ste 101, Tempe, AZ 85281",(480) 456-1400
Chandler,"2955 W Ray Rd, Chandler, AZ 85224",(480) 821-9447
Camelback,"4701 N 20th St, Phoenix, AZ 85016",(602) 761-4750
Fayetteville,"3425 N College Ave, Fayetteville, AR 72703",(479) 695-5561
Bowman,"501 S Bowman Rd, Little Rock, AR 72211",(501) 312-2326
Palm Desert,"44-459 Town Center Way, Palm Desert, CA 92260",(760) 797-8200
South Lake Tahoe,"3600 Lake Tahoe Blvd., South Lake Tahoe, CA 96150",(530) 578-4555
Upland,"2153 W Baseline Rd, Upland, CA 91784",(909) 579-2670
Del Mar,"2600 Via De La Valle, Ste 100, Del Mar, CA 92014",(858) 436-9800
Brea,"3301 E Imperial Hwy, Brea, CA 92823",(714) 528-7400
La Jolla,"8825 Villa La Jolla Dr, La Jolla, CA 92037",(858) 642-6700
Hillcrest,"711 University Ave, San Diego, CA 92103",(619) 294-2800
Irvine,"8525 Irvine Center Dr, Irvine, CA 92618",(949) 777-8500
Pasadena,"3751 E Foothill Blvd, Pasadena, CA 91107",(626) 351-5994
Laguna Niguel,"23932 Aliso Creek Rd, Laguna Niguel, CA 92677",(949) 900-5830
Jamboree,"2847 Park Ave, Tustin, CA 92782",(714) 566-7650
Arroyo,"465 S Arroyo Pkwy, Pasadena, CA 91105",(626) 204-2266
Laguna Beach,"283 Broadway St, Laguna Beach, CA 92651",(949) 376-7888
Newport Beach,"415 Newport Center Dr, Newport Beach, CA 92660",(949) 999-8572
Brookhurst,"10081 Adams Ave, Huntington Beach, CA 92646",(714) 594-6850
Huntington Beach,"7881 Edinger Ave , Ste 150, Huntington Beach, CA 92647",(657) 200-4200
Glendale,"331 N Glendale Ave, Glendale, CA 91206",(818) 548-3695
Silver Lake,"2520 Glendale Blvd, Los Angeles, CA 90039",(323) 378-3891
Downtown Los Angeles,"788 S Grand Ave, Los Angeles, CA 90017",(213) 873-4745
Burbank,"3401 W Olive Ave, Burbank, CA 91505",(818) 239-5380
Long Beach Lakewood,"3881 Lakewood Blvd, Ste A, Long Beach, CA 90808",(562) 548-1840
Long Beach,"6400 E Pacific Coast Hwy, Ste A-100, Long Beach, CA 90803",(562) 598-8687
Fresno,"650 W Shaw Ave, Fresno, CA 93704",(559) 241-0300
West Hollywood,"7871 Santa Monica Blvd, West Hollywood, CA 90046",(323) 848-4200
Valencia,"24130 Valencia Blvd, Santa Clarita, CA 91355",(661) 260-2377
3rd & Fairfax,"6350 W 3rd St, Los Angeles, CA 90036",(323) 964-6800
Sherman Oaks East,"12905 Riverside Dr, Sherman Oaks, CA 91423",(818) 853-8600
Sherman Oaks,"14311 Ventura Blvd, Sherman Oaks, CA 91423",(818) 528-8030
Culver City,"3377 S. La Cienega Blvd, Los Angeles, CA 90016",(424) 434-7960
Beverly Hills,"239 N Crescent Dr, Beverly Hills, CA 90210",(310) 274-3360
Sherman Oaks West,"4520 N Sepulveda Blvd, Sherman Oaks, CA 91403",(818) 382-3700
Westwood,"1050 S Gayley Ave, Los Angeles, CA 90024",(310) 824-0858
Porter Ranch,"20209 W Rinaldi St, Porter Ranch, CA 91326",(818) 363-3933
West Los Angeles,"11666 National Blvd, Los Angeles, CA 90064",(310) 996-8840
Playa Vista,"12746 W Jefferson Blvd, Playa Vista, CA 90094",(310) 862-9900
Brentwood,"11737 San Vicente Blvd, Los Angeles, CA 90049",(310) 826-4433
Plaza El Segundo,"760 S Sepulveda Blvd, El Segundo, CA 90245",(310) 333-1900
Santa Monica Pico,"2121 Cloverfield Blvd, Santa Monica, CA 90404",(310) 752-1155
Torrance,"2655 Pacific Coast Hwy, Torrance, CA 90505",(310) 257-8700
23rd & Wilshire Blvd,"2201 Wilshire Blvd, Santa Monica, CA 90403",(310) 315-0662
Venice,"225 Lincoln Blvd, Venice, CA 90291",(310) 566-9480
Montana Avenue,"1425 Montana Ave, Santa Monica, CA 90403",(310) 576-4707
Redondo Beach,"405 N Pacific Coast Hwy, Redondo Beach, CA 90277",(310) 376-6931
Woodland Hills,"21347 Ventura Blvd, Woodland Hills, CA 91364",(818) 610-0000
Malibu,"23401 Civic Center Way, Malibu, CA 90265",(424) 425-7351
Thousand Oaks,"740 North Moorpark Rd, Thousand Oaks, CA 91360",(805) 777-4730
Folsom,"270 Palladio Pkwy, Folsom, CA 95630",(916) 984-8500
Roseville,"1001 Galleria Blvd, Roseville, CA 95678",(916) 781-5300
Oxnard,"650 Town Center Dr, Oxnard, CA 93036",(805) 751-4300
Sacramento,"4315 Arden Way, Sacramento, CA 95864",(916) 488-2800
Santa Barbara,"3761 State St, Santa Barbara, CA 93105",(805) 837-6959
Dublin CA,"5200 Dublin Blvd, Dublin, CA 94568",(925) 452-2226
San Luis Obispo,"1531 Froom Ranch Way, San Luis Obispo, CA 93405",(805) 785-0194
Ygnacio Valley Road,"2941 Ygnacio Valley Rd, Walnut Creek, CA 94598",(925) 269-9010
San Ramon,"100 Sunset Dr, San Ramon, CA 94583",(925) 355-9000
Concord,"2085 Diamond Blvd, Ste 125, Concord, CA 94520",(925) 695-3180
Walnut Creek,"1333 Newell Ave, Walnut Creek, CA 94596",(925) 274-9700
Lafayette,"3502 Mt Diablo Blvd, Lafayette, CA 94549",(925) 284-5305
Napa,"3682 Bel Aire Plaza, Napa, CA 94558",(707) 224-6300
Fremont - California,"3111 Mowry Ave, Fremont, CA 94538",(510) 401-5880
San Jose - on The Alameda,"777 The Alameda, San Jose, CA 95126",(408) 207-1126
Blossom Hill,"1146 Blossom Hill Rd, San Jose, CA 95118",(408) 266-3700
Campbell,"1690 S Bascom Ave, Campbell, CA 95008",(408) 371-5000
Santa Clara,"2732 Augustine Dr , Ste 1600, Santa Clara, CA 95054",(408) 562-9162
Los Gatos,"15980 Los Gatos Blvd, Los Gatos, CA 95032",(408) 358-4434
Sunnyvale,"150 E McKinley Ave, Sunnyvale, CA 94086",(408) 419-1290
Berkeley,"3000 Telegraph Ave, Berkeley, CA 94705",(510) 649-1333
Temescal,"5110 Telegraph Ave, Oakland, CA 94609",(510) 903-2222
Sonoma,"201 W Napa St, Sonoma, CA 95476",(707) 938-8500
Cupertino,"20955 Stevens Creek Blvd, Cupertino, CA 95014",(408) 257-7000
Oakland,"230 Bay Pl, Oakland, CA 94612",(510) 834-9800
Gilman,"1025 Gilman St, Berkeley, CA 94710",(510) 809-8293
Los Altos,"4800 El Camino Real, Los Altos, CA 94022",(650) 559-0300
Palo Alto,"774 Emerson St, Palo Alto, CA 94301",(650) 326-8676
Capitola,"1710 41st Ave, Capitola, CA 95010",(831) 464-2900
Redwood City,"1250 Jefferson Ave, Redwood City, CA 94062",(650) 367-1400
Santa Cruz,"911 Soquel Ave, Santa Cruz, CA 95062",(831) 426-9901
Santa Rosa,"1181 Yulupa Ave, Santa Rosa, CA 95405",(707) 575-7915
San Mateo,"1010 Park Pl, San Mateo, CA 94403",(650) 358-6900
SoMa,"399 4th St, San Francisco, CA 94107",(415) 618-0066
Potrero Hill,"450 Rhode Island St, San Francisco, CA 94107",(415) 552-1155
Franklin,"1765 California St, San Francisco, CA 94109",(415) 674-0500
Novato,"790 De Long Ave, Novato, CA 94945",(415) 878-0455
2001 Market Street,"2001 Market St, San Francisco, CA 94114",(415) 626-1430
San Rafael,"340 3rd St, San Rafael, CA 94901",(415) 451-6333
Petaluma,"621 E Washington St, Petaluma, CA 94952",(707) 762-9352
Noe Valley,"3950 24th St, San Francisco, CA 94114",(415) 282-4700
Coddingtown,"390 Coddingtown Mall, Santa Rosa, CA 95401",(707) 542-7411
Monterey,"800 Del Monte Center, Monterey, CA 93940",(831) 333-1600
Haight Street,"690 Stanyan St, San Francisco, CA 94117",(415) 876-6740
Blithedale,"731 E Blithedale Ave, Mill Valley, CA 94941",(415) 381-3900
Ocean,"1150 Ocean Ave, San Francisco, CA 94112",(415) 333-7400
Mill Valley,"414 Miller Ave, Mill Valley, CA 94941",(415) 381-1200
Stonestown,"3251 20th Ave, Suite 340, San Francisco, CA 94132",(415) 375-4242
Sebastopol,"6910 McKinley St, Sebastopol, CA 95472",(707) 829-9801
Pikes Peak,"7635 N Academy Blvd, Colorado Springs, CO 80920",(719) 531-9999
Fort Collins,"2201 S College Ave, Fort Collins, CO 80525",(970) 267-9200
Tamarac,"7400 E Hampden Ave, Unit D, Denver, CO 80231",(303) 488-2000
Colorado Blvd,"870 S Colorado Blvd, Glendale, CO 80246",(303) 691-0101
Cherry Creek,"2375 E 1st Ave, Denver, CO 80206",(720) 941-4100
Capitol Hill,"900 E 11th Ave, Denver, CO 80218",(720) 643-1750
Castle Rock,"6384 Promenade Pkwy, Castle Rock, CO 80108",(720) 673-4700
Bradburn,"4451 Main St, Westminster, CO 80031",(303) 439-7000
Washington Park,"1111 S Washington St, Denver, CO 80210",(303) 733-6201
Union Station,"1701 Wewatta St, Denver, CO 80202",(720) 572-8800
Highlands Ranch,"9366 S Colorado Blvd, Ste B, Highlands Ranch, CO 80126",(303) 470-6003
SouthGlenn,"6853 S York , Ste 119, Centennial, CO 80122",(303) 996-3660
Longmont,"1250 South Hover Rd, Ste 300, Longmont, CO 80501",(720) 438-2550
Belmar,"444 S Wadsworth Blvd, Lakewood, CO 80226",(303) 935-5000
Superior,"303 Marshall Rd, Superior, CO 80027",(720) 274-1415
Governor's Ranch,"5155 S Wadsworth Blvd, Littleton, CO 80123",(303) 586-5220
Colfax,"14357 W Colfax Ave, Golden, CO 80401",(303) 277-1339
Pearl,"2905 Pearl St, Boulder, CO 80301",(303) 545-6611
Boulder Table Mesa,"695 S Broadway, Boulder, CO 80305",(303) 376-6980
Ideal Market Boulder,"1275 Alpine Ave, Boulder, CO 80304",(303) 443-1354
Frisco,"261 Lusher Ct, Frisco, CO 80443",(970) 668-9400
Roaring Fork,"340 Reed St, Basalt, CO 81621",(970) 927-1500
Greenwich,"90 E Putnam Ave, Greenwich, CT 06830",(203) 661-0631
Danbury,"5C Sugar Hollow Rd, Danbury, CT 06810",(203) 730-0599
Darien,"150 Ledge Rd, Darien, CT 06820",(203) 662-0577
Westport,"399 Post Rd W, Westport, CT 06880",(203) 227-6858
Fairfield,"350 Grasmere Ave, Fairfield, CT 06824",(203) 319-9544
Milford,"1686 Boston Post Road, Milford, CT 06460",(203) 874-0883
Avon Village,"50 Climax Rd, Avon, CT 06001",(860) 777-2070
Bishops Corner,"340 N Main St, West Hartford, CT 06117",(860) 523-7174
West Hartford,"50 Raymond Rd, West Hartford, CT 06107",(860) 523-8500
Glastonbury,"55 Welles St, Glastonbury, CT 06033",(860) 652-9800
South Windsor,"800 Evergreen Way, South Windsor, CT 06074",(860) 474-4100
Florida Avenue,"967 Florida Avenue NW, Washington, DC 20001",(202) 519-3400
Destin,"4402 Legendary Dr, Destin, FL 32541",(850) 269-7400
Tallahassee,"1817 Thomasville Rd, Tallahassee, FL 32303",(850) 513-4200
Jacksonville Beach,"2050 3rd St S, Jacksonville Beach, FL 32250",(904) 685-7370
Jacksonville,"10601 San Jose Blvd, Jacksonville, FL 32257",(904) 288-1100
Gainesville,"3490 SW Archer Rd, Gainesville, FL 32608",(352) 244-8302
Altamonte Springs,"305 E Altamonte Dr, Ste 1000, Altamonte Springs, FL 32701",(407) 767-2100
Winter Park North,"1030 N Orlando Ave, Winter Park, FL 32789",(407) 377-6040
Orlando,"8003 Turkey Lake Rd, Phillips Crossing, Orlando, FL 32819",(407) 355-7100
Carrollwood,"3802 Northdale Blvd, Tampa, FL 33624",(813) 264-3600
Clearwater,"27001 US 19 N, Clearwater, FL 33761",(727) 724-7100
Midtown Tampa,"3740 Midtown Dr, Tampa, FL 33607",(813) 323-9466
St. Petersburg,"201 38th Ave N, St. Petersburg, FL 33704",(727) 342-1055
University Station,"5298 University Pkwy, Sarasota, FL 34243",(941) 806-6130
Sarasota,"1451 1st St, Sarasota, FL 34236",(941) 316-4700
Fort Myers,"6891 Daniels Pkwy, Suite 100, Fort Myers, FL 33912",(239) 935-6550
Palm Beach Gardens,"11701 Lake Victoria Gardens Ave, Palm Beach Gardens, FL 33410",(561) 691-8550
Naples,"9101 Strada Pl, Naples, FL 34108",(239) 552-5100
West Palm Beach,"1845 Palm Beach Lakes Blvd, West Palm Beach, FL 33401",(561) 471-3800
Wellington,"2635 FL-7, Wellington, FL 33414",(561) 904-4000
Delray Beach,"680 Linton Blvd, Delray Beach, FL 33444",(561) 639-5701
Boca Raton,"1400 Glades Rd, Ste 110, Boca Raton, FL 33431",(561) 447-0000
Coral Springs,"810 University Dr, Coral Springs, FL 33071",(954) 796-5800
Pompano Beach,"2411 N Federal Hwy, Pompano Beach, FL 33062",(954) 786-3500
Fort Lauderdale,"2000 N Federal Hwy, Fort Lauderdale, FL 33305",(954) 398-2000
Davie,"1903 S University Dr, Davie, FL 33324",(954) 916-3000
17th Street,"501 SE 17th St, Fort Lauderdale, FL 33316",(954) 380-8440
Pembroke Pines,"14956 Pines Blvd, Pembroke Pines, FL 33027",(954) 392-3500
Aventura,"21105 Biscayne Blvd, Aventura, FL 33180",(305) 682-4400
North Miami,"12150 Biscayne Blvd, North Miami, FL 33181",(305) 892-5500
Downtown Miami,"299 SE 3rd Ave, Miami, FL 33131",(305) 995-0600
South Beach,"1020 Alton Rd, Miami Beach, FL 33139",(305) 938-2800
Coral Gables,"6701 Red Rd, Coral Gables, FL 33143",(305) 421-9421
Dadeland,"7930 SW 104th St, Miami, FL 33156",(305) 969-5800
Kennesaw,"1300 Ernest Barrett Pkwy, Kennesaw, GA 30144",(770) 578-4400
Avalon,"2800 Old Milton Pkwy, Alpharetta, GA 30009",(678) 534-3138
Merchants Walk,"1311 Johnson Ferry Rd NE, Ste 580, Marietta, GA 30068",(678) 996-9700
Johns Creek,"5945 State Bridge Rd, Duluth, GA 30097",(678) 514-2400
Sandy Springs,"5930 Roswell Rd, Atlanta, GA 30328",(404) 236-0810
Chamblee,"5001 Peachtree Blvd, Bldg 300, Atlanta, GA 30341",(470) 552-0750
Northside Buckhead,"3535 Northside Pkwy, Atlanta, GA 30327",(470) 552-3040
Buckhead,"77 West Paces Ferry Rd NW, Atlanta, GA 30305",(404) 324-4100
Midtown Atlanta,"22 14th St NW, Atlanta, GA 30309",(470) 552-4201
Ponce de Leon,"650 Ponce de Leon Ave NE, Atlanta, GA 30308",(404) 853-1681
Decatur,"1555 Church St, Decatur, GA 30033",(470) 237-7340
Savannah,"1815 E Victory Dr , Ste 101, Savannah, GA 31404",(912) 358-5829
Maui,"70 E Kaahumanu Ave, Kahului, HI 96732",(808) 872-3310
Kailua,"629 Kailua Rd, Ste 100, Kailua, HI 96734",(808) 263-6800
Honolulu (Kahala Mall),"4211 Wai'alae Ave, Ste 2000, Honolulu, HI 96816",(808) 738-0820
Queen,"388 Kamakee St, Street 100, Honolulu, HI 96814",(808) 379-1800
Boise,"401 S Broadway Ave, Boise, ID 83702",(208) 287-4600
Orland Park,"15260 South La Grange Road, Orland Park, IL 60462",(708) 364-1350
Evergreen Park,"9600 S Western Ave, Evergreen Park, IL 60805",(708) 931-3030
Willowbrook,"6300 Kingery Hwy, Willowbrook, IL 60527",(630) 655-5000
Hinsdale,"500 E Ogden Ave, Hinsdale, IL 60521",(630) 986-8500
Hyde Park,"5118 S Lake Park Ave, Chicago, IL 60615",(773) 819-1600
Naperville,"2607 W 75th St, Naperville, IL 60540",(630) 579-7700
River Forest,"7245 Lake St, River Forest, IL 60305",(708) 366-1045
Wheaton,"89 Danada Square East, Wheaton, IL 60189",(630) 588-1500
Elmhurst,"215 S IL Rte 83, Elmhurst, IL 60126",(630) 993-7600
South Loop,"1101 S Canal St, Ste 107, Chicago, IL 60607",(312) 435-4600
West Loop,"1 N Halsted St, Chicago, IL 60661",(312) 207-8400
Streeterville,"255 E Grand Ave, Chicago, IL 60611",(312) 379-7900
One Chicago,"3 West Chicago Ave, Chicago, IL 60654",(312) 932-9600
Lincoln Park,"1550 N Kingsbury St, Chicago, IL 60642",(312) 587-0648
Lakeview,"3201 N. Ashland Ave, Chicago, IL 60657",(773) 244-4200
Halsted and Waveland,"3640 N Halsted St, Chicago, IL 60613",(773) 472-0400
Sauganash,"6020 N Cicero Ave, Chicago, IL 60646",(773) 205-1100
Park Ridge,"225 W Touhy Ave, Park Ridge, IL 60068",(847) 292-7100
Chicago Edgewater,"6009 N Broadway, Chicago, IL 60660",(773) 506-7600
Schaumburg,"750 N Martingale Rd, Schaumburg, IL 60173",(847) 585-5800
Downtown Evanston,"1640 Chicago Ave, Evanston, IL 60201",(847) 733-1600
Green Bay Road,"2748 Green Bay Rd, Evanston, IL 60201",(847) 424-5700
Northbrook,"840 Willow Rd, Suite M, Northbrook, IL 60062",(847) 205-5353
Deerfield,"760 Waukegan Rd, Deerfield, IL 60015",(847) 444-1900
Kildeer,"20281 Rand Rd, Kildeer, IL 60047",(847) 726-4601
Vernon Hills,"851 N Milwaukee Ave, Vernon Hills, IL 60061",(224) 504-3990
Eighty-Sixth St.,"1300 E 86th St, Indianapolis, IN 46240",(317) 706-0900
Market Square,"320 E Market St, Indianapolis, IN 46204",(317) 559-9360
Schererville,"199 US-41, Schererville, IN 46375",(219) 864-5400
Mishawaka,"4230 Grape Rd, Mishawaka, IN 46545",(574) 247-5800
Carmel,"14598 Clay Terrace Blvd, Carmel, IN 46032",(317) 569-1517
West Des Moines,"4100 University Ave, West Des Moines, IA 50266",(515) 343-2600
Kansas City,"301 E 51st St, Kansas City, MO 64112",(816) 708-3700
Overland Park,"11900 Metcalf Ave, Overland Park, KS 66213",(913) 663-2951
Olathe,"14615 W 119th St, Olathe, KS 66062",(913) 764-5656
Fayetteville,"3425 N College Ave, Fayetteville, AR 72703",(479) 695-5561
Bowman,"501 S Bowman Rd, Little Rock, AR 72211",(501) 312-2326
Wichita,"1423 N Webb Rd, Ste 101, Wichita, KS 67206",(316) 630-8484
Louisville,"4944 Shelbyville Rd, Louisville, KY 40207",(502) 899-5545
Lexington,"4059 Finn Way, Lexington, KY 40517",(859) 971-8600
Shreveport,"1380 E 70th St, Shreveport, LA 71105",(318) 462-9895
Mandeville,"3450 Hwy 190, Mandeville, LA 70471",(985) 231-3328
Baton Rouge,"7529 Corporate Blvd, Baton Rouge, LA 70809",(225) 218-0452
Veterans,"3420 Veterans Memorial Blvd, Metairie, LA 70002",(504) 888-8225
Broad Street,"300 N Broad St, New Orleans, LA 70119",(504) 434-3364
Arabella Station,"5600 Magazine St, New Orleans, LA 70115",(504) 899-9119
Ambassador Caffery,"4247 Ambassador Caffery Pkwy, Lafayette, LA 70508",(337) 314-9653
Portland - Maine,"2 Somerset St, Portland, ME 04101",(207) 774-7711
Kentlands,"316 Kentlands Blvd, Gaithersburg, MD 20878",(301) 258-9500
Rockville,"11355 Woodglen Dr, Rockville, MD 20852",(301) 984-4880
Bethesda,"5269 River Rd, Bethesda, MD 20816",(301) 984-4860
Friendship Heights,"4420 Willard Ave, Chevy Chase, MD 20815",(301) 657-1520
Silver Spring,"833 Wayne Ave, Silver Spring, MD 20910",(301) 608-9373
Columbia - Maryland,"10275 Little Patuxent Pkwy, Columbia, MD 21044",(240) 865-1827
Riverdale Park,"6621-B Baltimore Ave, Riverdale, MD 20737",(240) 487-7575
Mt. Washington,"1330 Smith Ave, Baltimore, MD 21209",(410) 532-6700
Towson,"300 Towson Row, Towson, MD 21204",(443) 652-6566
Harbor East,"711 S Central Ave, Baltimore, MD 21202",(410) 528-1640
Annapolis,"200 Harker Pl, Ste 100, Annapolis, MD 21401",(410) 573-1800
Hadley,"327 Russell St, Hadley, MA 01035",(413) 586-9932
Shrewsbury,"193 Boston Turnpike, Shrewsbury, MA 01545",(508) 749-5520
Bellingham,"255 Hartford Ave, Bellingham, MA 02019",(508) 966-3331
Sudbury,"536 Boston Post Rd, Sudbury, MA 01776",(508) 358-7700
Westford,"160 Littleton Rd, Westford, MA 01886",(978) 303-2900
Framingham,"575 Worcester Rd, Framingham, MA 01701",(508) 628-9525
Wellesley,"442 Washington St, Wellesley, MA 02482",(781) 235-7262
Bedford,"170 Great Rd, Bedford, MA 01730",(781) 275-8264
Newton,"916 Walnut St, Newton, MA 02461",(617) 969-1141
Newtonville,"647 Washington St, Newton, MA 02458",(617) 965-2070
Dedham,"300 Legacy Pl, Dedham, MA 02026",(781) 329-7100
Woburn,"400 Cambridge Rd, Woburn, MA 01801",(781) 376-9600
Arlington MA,"808 Massachusetts Ave, Arlington, MA 02476",(781) 777-7200
Andover,"40 Railroad St, Andover, MA 01810",(978) 749-6664
Fresh Pond,"200 Alewife Brook Pkwy, Cambridge, MA 02138",(617) 491-0040
Brighton,"15 Washington St, Brighton, MA 02135",(617) 738-8187
Medford,"2151 Mystic Valley Pkwy, Medford, MA 02155",(781) 395-4998
River Street,"340 River St, Cambridge, MA 02139",(617) 876-6990
Jamaica Plain,"413 Centre St, Jamaica Plain, MA 02130",(617) 553-5400
Somerville,"45 Beacon St, Somerville, MA 02143",(617) 902-9300
Prospect Street,"115 Prospect St, Cambridge, MA 02139",(617) 492-0070
Symphony,"15 Westland Ave, Boston, MA 02115",(617) 375-1010
Charlestown,"27 Austin St, Charlestown, MA 02129",(617) 337-9700
Melrose,"880 Main St, Melrose, MA 02176",(781) 606-3400
Charles River Plaza,"181 Cambridge St, Boston, MA 02114",(617) 723-0004
South End,"348 Harrison Ave, Boston, MA 02118",(617) 904-1000
Lynnfield,"427 Walnut St, Lynnfield, MA 01940",(781) 776-4300
South Weymouth,"35 Pleasant St, South Weymouth, MA 02190",(781) 277-5200
Swampscott,"331 Paradise Rd, Swampscott, MA 01907",(781) 592-2200
Hingham,"94 Derby St, Hingham, MA 02043",(781) 741-8050
Beverly,"150 Brimbal Ave, Beverly, MA 01915",(978) 529-9151
Hyannis,"990 Iyannough Rd, Hyannis, MA 02601",(508) 418-5900
Grand Rapids,"2897 Radcliff Ave SE, Kentwood, MI 49512",(616) 226-8880
East Lansing,"2750 E Grand River Ave, East Lansing, MI 48823",(517) 319-2000
Cranbrook,"990 W Eisenhower Pkwy, Ann Arbor, MI 48103",(734) 997-7500
Ann Arbor,"3135 Washtenaw Ave, Ann Arbor, MI 48104",(734) 975-4500
West Bloomfield,"7350 Orchard Lake Rd, West Bloomfield, MI 48322",(248) 538-4600
Birmingham,"2100 E Maple Rd, Birmingham, MI 48009",(248) 649-9600
Rochester Hills,"2918 Walton Blvd, Rochester Hills, MI 48309",(248) 371-1400
Detroit,"115 Mack Ave, Detroit, MI 48201",(313) 576-5300
Woodbury,"305 Radio Dr, Woodbury, MN 55125",(651) 252-3060
St Paul,"1575 Selby Ave, St. Paul, MN 55104",(651) 690-0197
Edina,"7401 France Ave S, Edina, MN 55435",(952) 830-3500
Hennepin,"222 Hennepin Ave, Minneapolis, MN 55401",(612) 313-7100
Uptown Minneapolis,"3060 Excelsior Blvd, Minneapolis, MN 55416",(612) 927-8141
Minnetonka,"1001 Plymouth Rd, Minnetonka, MN 55305",(952) 797-5600
Maple Grove,"12201 Elm Creek Blvd N, Maple Grove, MN 55369",(763) 416-7300
Jackson,"4500 I-55 North, Jackson, MS 39211",(601) 608-0405
Central West End,"4577 W Pine Blvd, St. Louis, MO 63108",(314) 474-7300
Galleria,"1601 S Brentwood Blvd, St. Louis, MO 63144",(314) 968-7744
Town and Country,"1160 Town and Country Crossing Dr, Town and Country, MO 63017",(636) 527-1160
Kansas City,"301 E 51st St, Kansas City, MO 64112",(816) 708-3700
Bozeman,"2905 West Main Street, Bozeman, MT 59718",(406) 602-8249
Montana Avenue,"1425 Montana Ave, Santa Monica, CA 90403",(310) 576-4707
Omaha,"10020 Regency Cir, Omaha, NE 68114",(402) 393-1200
Lincoln,"6055 O St, Lincoln, NE 68510",(402) 486-6000
Henderson,"100 S Green Valley Pkwy, Henderson, NV 89012",(702) 361-8183
Las Vegas Blvd,"6689 Las Vegas Blvd, Las Vegas, NV 89119",(702) 589-7711
Tenaya,"7250 W Lake Mead Blvd, Las Vegas, NV 89128",(702) 942-1500
Fort Apache,"8855 W Charleston Blvd, Las Vegas, NV 89117",(702) 254-8655
Reno,"6139 S Virginia St, Reno, NV 89502",(775) 852-8023
Nashua,"255 Amherst St, Nashua, NH 03063",(603) 318-7550
Bedford New Hampshire,"121 S River Rd, Bedford, NH 03110",(603) 218-1900
Portsmouth,"1600 Woodbury Ave, Portsmouth, NH 03801",(603) 294-1115
Cherry Hill,"1558 Kings Hwy N, Cherry Hill, NJ 08034",(856) 651-5271
Marlton,"940 Rt 73 N, Marlton, NJ 08053",(856) 797-1115
Princeton,"3495 US Rt 1 S, Princeton, NJ 08540",(609) 799-2919
Bridgewater,"319 Chimney Rock Rd, Bound Brook, NJ 08805",(732) 584-1960
Morristown,"110 Washington St, Morristown, NJ 07960",(973) 385-1900
Parsippany,"60 Waterview Blvd, Parsippany, NJ 07054",(862) 286-2777
Rose City,"222 Main St, Madison, NJ 07940",(973) 822-8444
Metuchen,"645 Middlesex Ave, Metuchen, NJ 08840",(732) 515-6180
Millburn - Union,"2245 Springfield Ave, Vauxhall, NJ 07088",(908) 688-1455
Clark,"1255 Raritan Rd, Unit 150, Clark, NJ 07066",(732) 381-1010
Wayne,"560 Valley Rd, Wayne, NJ 07470",(973) 587-1470
West Orange,"235 Prospect Ave, West Orange, NJ 07052",(973) 669-3196
Montclair,"701 Bloomfield Ave, Montclair, NJ 07042",(973) 746-5110
Marlboro,"113 Route 9 South, Marlboro, NJ 07726",(732) 792-5900
Newark,"633 Broad St, Newark, NJ 07102",(973) 755-5080
Ridgewood,"44 Godwin Ave, Ridgewood, NJ 07450",(201) 670-0383
Woodcliff Lake,"500 Chestnut Ridge Road, Woodcliff Lake, NJ 07677",(551) 249-2595
Paramus,"300 Bergen Town Center, Paramus, NJ 07652",(201) 226-1244
Jersey City,"135 Greene St., Jersey City, NJ 07311",(201) 885-5388
Weehawken,"1400 Waterfront Terrace, Weehawken, NJ 07086",(551) 300-6080
Closter,"45 Vervalen St, Closter, NJ 07624",(201) 367-9099
Middletown,"471 St Rt 35 N, Red Bank, NJ 07701",(732) 758-1688
Edgewater,"905 River Rd, Edgewater, NJ 07020",(201) 941-4000
Spring Lake Wall,"1933 NJ-35, Wall, NJ 07719",(732) 359-3400
Santa Fe (Cerrillos),"753 Cerrillos Rd, Santa Fe, NM 87505",(505) 992-1700
Academy,"5815 Wyoming Blvd NE, Albuquerque, NM 87109",(505) 856-0474
Albuquerque,"2100 Carlisle Blvd NE, Albuquerque, NM 87110",(505) 260-1366
Tribeca,"270 Greenwich St, New York, NY 10007",(212) 349-6555
One Wall Street,"66 Broadway, New York, NY 10005",(646) 779-8229
Manhattan West,"450 W 33rd St, New York, NY 10001",(646) 540-1104
Chelsea,"250 7th Ave, New York, NY 10001",(212) 924-5969
Union Square,"4 Union Square S, New York, NY 10003",(212) 673-5388
Bowery,"95 East Houston St, New York, NY 10002",(212) 420-1320
Columbus Circle,"10 Columbus Cir, Ste Sc101, New York, NY 10019",(212) 823-9600
Bryant Park,"1095 6th Ave, New York, NY 10036",(917) 728-5700
NoMad,"63 Madison Ave, New York, NY 10016",(646) 779-2848
Upper West Side,"808 Columbus Ave, New York, NY 10025",(212) 222-6160
Midtown East (E 57th St),"226 E 57th St, New York, NY 10022",(646) 497-1222
Upper East Side,"1551 3rd Ave, New York, NY 10128",(646) 891-3888
Harlem,"100 W 125th St, New York, NY 10027",(212) 678-1940
Buffalo,"3139 Sheridan Dr, Amherst, NY 14226",(716) 398-4502
Rochester,"2740 Monroe Ave, Rochester, NY 14618",(585) 895-7750
Albany,"1425 Central Ave, Albany, NY 12205",(518) 621-5300
Industry City,"167 41st St, Brooklyn, NY 11232",(718) 907-3622
Third and 3rd (Brooklyn),"214 3rd St, Brooklyn, NY 11215",(718) 290-1010
Fort Greene,"292 Ashland Pl, Brooklyn, NY 11217",(718) 734-2321
Williamsburg,"238 Bedford Ave, Brooklyn, NY 11249",(914) 378-8090
Yonkers,"1 Ridge Hill Blvd, Yonkers, NY 10710",(914) 340-5130
Chappaqua,"20 The Crossing, Chappaqua, NY 10514",(914) 288-1300
White Plains,"110 Bloomingdale Rd, White Plains, NY 10605",(914) 708-1985
Port Chester,"575 Boston Post Road, Port Chester, NY 10573",(516) 869-8900
Manhasset,"2101 Northern Blvd, Manhasset, NY 11030",(516) 540-3040
Westbury,"867 East Gate Blvd, Garden City, NY 11530",(516) 932-1733
Jericho,"429 North Broadway, Jericho, NY 11753",(516) 366-3616
Massapequa,"5214 Sunrise Hwy, Massapequa Park, NY 11762",(631) 670-0580
Huntington Station,"350 Walt Whitman Road, Huntington Station, NY 11746",(631) 588-1466
Asheville,"70 Merrimon Ave, Asheville, NC 28801",(828) 254-5440
East Asheville,"4 S Tunnel Rd, Ste 100, Asheville, NC 28805",(828) 239-9604
South Asheville,"1856 Hendersonville Rd, Asheville, NC 28803",(828) 378-0477
Winston-Salem,"41 Miller St, Winston-Salem, NC 27104",(336) 722-9233
Lake Norman,"9129 Sam Furr Rd, Huntersville, NC 28078",(704) 765-3735
Greensboro Friendly,"3202 W Friendly Ave, Greensboro, NC 27408",(336) 398-2880
Uptown Charlotte,"400 East Brooklyn Village Ave, Charlotte, NC 28202",(704) 969-5950
Charlotte,"6610 Fairview Rd, Charlotte, NC 28210",(980) 213-2400
Waverly,"7221 Waverly Walk Ave, Charlotte, NC 28277",(704) 949-1860
Chapel Hill,"81 S Elliot Rd, Chapel Hill, NC 27514",(919) 968-1983
Durham,"621 Broad St, Durham, NC 27705",(919) 286-2290
West Cary,"5055 Arco St, Cary, NC 27519",(984) 228-0300
North Raleigh,"8710 Six Forks Rd, Raleigh, NC 27615",(919) 354-0350
Cary,"102B New Waverly Pl, Cary, NC 27518",(919) 816-8830
Raleigh,"3540 Wade Ave, Raleigh, NC 27607",(919) 828-5805
Wilmington,"3804 Oleander Dr, Wilmington, NC 28403",(910) 777-2499
Dayton,"1050 Miamisburg Centerville Rd, Dayton, OH 45458",(937) 999-6880
Mason,"5805 Deerfield Blvd, Mason, OH 45040",(513) 398-9358
Kenwood,"5901 E Galbraith Rd, Ste 105, Cincinnati, OH 45236",(513) 699-7710
Cincinnati,"2693 Edmondson Rd, Cincinnati, OH 45209",(513) 531-8015
Columbus,"3670 W Dublin-Granville Rd, Columbus, OH 43235",(614) 760-5556
Upper Arlington,"1555 W Lane Ave, Upper Arlington, OH 43221",(614) 481-3400
Easton,"4100 Easton Gateway Dr, Columbus, OH 43219",(614) 536-0570
Rocky River,"19607 Detroit Rd, Rocky River, OH 44116",(440) 596-3440
Cedar Center,"13998 Cedar Rd, University Heights, OH 44118",(216) 932-3918
Akron,"1745 W Market St, Akron, OH 44313",(330) 615-2100
Orange Village,"50 Wall St, Orange, OH 44122",(216) 464-9403
Oklahoma City,"6001 North Western Ave, Oklahoma City, OK 73118",(405) 879-3500
Brookside,"1401 E 41st St, Tulsa, OK 74105",(918) 712-7555
Yale,"9136 S Yale Ave, Tulsa, OK 74137",(918) 879-0493
Bend,"2610 NE Hwy 20, Bend, OR 97701",(541) 389-0151
Hollywood,"4301 NE Sandy Blvd, Portland, OR 97213",(503) 284-2644
Laurelhurst,"2825 East Burnside St, Portland, OR 97214",(503) 232-6601
Fremont - Oregon,"3535 NE 15th Ave, Portland, OR 97212",(503) 288-3414
Lake Oswego,"11 S State St, Lake Oswego, OR 97034",(503) 782-4672
Pearl District Portland,"1210 NW Couch St, Portland, OR 97209",(503) 525-4343
Bridgeport,"7380 SW Bridgeport Rd, Tigard, OR 97224",(503) 639-6500
Greenway,"12220 SW Scholls Ferry Rd, Tigard, OR 97223",(971) 371-7000
Tanasbourne,"9940 NE Cornell Rd, Hillsboro, OR 97124",(503) 645-9200
Eugene,"353 E Broadway, Eugene, OR 97401",(541) 434-8820
Wexford,"10576 Perry Hwy, Wexford, PA 15090",(724) 940-6100
South Hills,"111 Siena Dr, Upper St. Clair, PA 15241",(412) 409-4550
East Liberty,"5700 Penn Ave, Pittsburgh, PA 15206",(412) 441-7960
Lancaster,"1563 Fruitville Pike, Lancaster, PA 17601",(717) 984-5700
Allentown,"750 N Krocks Rd, Ste 301, Allentown, PA 18106",(484) 506-2159
Exton,"175 N Pottstown Pike, Exton, PA 19341",(610) 423-6360
Glen Mills,"475 Wilmington West Chester Pike, Glen Mills, PA 19342",(610) 358-1133
Devon,"821 Lancaster Ave, Wayne, PA 19087",(610) 688-9400
Newtown,"3737 West Chester Pike, Newtown Square, PA 19073",(610) 848-7200
Plymouth Meeting,"500 W Germantown Pike, Plymouth Meeting, PA 19462",(610) 832-0010
Spring House,"1111 N Bethlehem Pike, Spring House, PA 19477",(215) 646-6300
Wynnewood,"15 E Wynnewood Rd, Wynnewood, PA 19096",(610) 896-3737
Philly Center City,"2101 Pennsylvania Ave, Philadelphia, PA 19130",(215) 557-0015
Jenkintown,"1575 The Fairway, Jenkintown, PA 19046",(215) 481-0800
South Street,"929 South St, Philadelphia, PA 19147",(215) 733-9788
Garden City Center,"151 Sockanosset Cross Rd, Cranston, RI 02920",(401) 942-7600
University,"601 N Main St, Providence, RI 02904",(401) 621-5990
Providence,"261 Waterman St, Providence, RI 02906",(401) 272-1690
South Asheville,"1856 Hendersonville Rd, Asheville, NC 28803",(828) 378-0477
Greenville,"1140 Woodruff Rd, Greenville, SC 29607",(864) 335-2300
Columbia,"702 Cross Hill Rd, Ste 300, Columbia, SC 29205",(803) 509-6700
West Ashley,"1125 Savannah Hwy, Charleston, SC 29407",(843) 329-6540
Charleston,"923 Houston Northcutt Blvd, Mount Pleasant, SC 29464",(843) 971-7240
Hilton Head Island,"50 Shelter Cove Ln, Hilton Head Island, SC 29928",(843) 842-0700
Nashville Downtown,"1202 Broadway, Nashville, TN 37203",(615) 747-1650
Green Hills,"4021 Hillsboro Pike, Nashville, TN 37215",(615) 440-5100
McEwen,"1566 W McEwen Dr, Franklin, TN 37067",(615) 550-5660
Knoxville,"6730 Papermill Dr NW, Knoxville, TN 37919",(865) 291-6400
Poplar Avenue,"5014 Poplar Ave, Memphis, TN 38117",(901) 969-4368
Germantown,"7825 US Highway 72, Germantown, TN 38138",(901) 896-3245
Chattanooga,"301 Manufacturers Rd, Chattanooga, TN 37405",(423) 702-7300
Chattanooga East,"1814 Gunbarrel Rd, Ste 100, Chattanooga, TN 37421",(423) 425-9133
Fairview,"105 Stacy Rd, Fairview, TX 75069",(972) 549-4090
Cityline,"1411 E Renner Rd, Richardson, TX 75082",(214) 273-0902
Plano,"2201 Preston Rd, Plano, TX 75093",(972) 612-6729
Addison,"5100 Belt Line Rd, Ste 1012, Addison, TX 75254",(214) 854-3334
Forest,"11700 Preston Rd, Ste 714, Dallas, TX 75230",(214) 361-8887
Highland Village,"4041 Waller Creek, Highland Village, TX 75077",(972) 538-9710
Park Lane,"8190 Park Ln, Ste 351, Dallas, TX 75231",(214) 342-4850
Lakewood,"2118 Abrams Rd, Dallas, TX 75214",(214) 824-1744
Highland Park,"4100 Lomo Alto Dr, Highland Park, TX 75219",(214) 520-7993
Las Colinas,"6741 N MacArthur Blvd, Irving, TX 75039",(469) 845-8001
Uptown Dallas,"2510 McKinney Ave, Dallas, TX 75201",(469) 518-5814
Colleyville,"4801 Colleyvile Blvd, Colleyville, TX 76034",(817) 918-3821
Parkway,"801 E Lamar, Arlington, TX 76011",(817) 461-9362
Fort Worth,"3720 Vision Dr, Fort Worth, TX 76109",(682) 316-8040
The Woodlands,"1925 Hughes Landing Blvd, Ste 100, The Woodlands, TX 77380",(832) 246-5600
Champions,"10133 Louetta Rd, Houston, TX 77070",(281) 803-6396
Independence Heights,"101 N Loop W, Houston, TX 77018",(713) 369-0800
Montrose,"701 Waugh Dr, Houston, TX 77019",(713) 284-1260
Kirby,"2955 Kirby Dr, Houston, TX 77098",(713) 520-1937
Post Oak,"1700 Post Oak Blvd, Ste 100, Houston, TX 77056",(713) 346-0537
Voss,"1407 S Voss Rd, Houston, TX 77057",(713) 789-4477
Bellaire,"4004 Bellaire Blvd, Houston, TX 77025",(713) 667-4090
Westchase,"11041 Westheimer Rd, Houston, TX 77042",(713) 784-7776
Katy,"6601 S Fry Rd, Katy, TX 77494",(281) 769-5670
Sugar Land,"15900 Southwest Fwy, Sugar Land, TX 77478",(281) 491-5577
Cedar Park,"5001 183 Toll Rd, Bldg A Ste 100, Cedar Park, TX 78613",(512) 690-2605
Domain,"11920 Domain Dr, Austin, TX 78758",(512) 831-3981
Gateway,"9607 Research Blvd, Ste 300, Austin, TX 78759",(512) 345-5003
East Austin,"901 E 5th St, Ste 100, Austin, TX 78702",(512) 884-5910
Lamar,"525 N Lamar Blvd, Austin, TX 78703",(512) 542-2200
Bee Cave,"12601 Hill Country Blvd, Bee Cave, TX 78738",(512) 206-2730
Arbor Trails,"4301 W William Cannon, Bldg B Ste 800, Austin, TX 78749",(512) 358-2460
Vineyard,"18403 Blanco Rd, San Antonio, TX 78258",(210) 408-3110
Alamo Quarry,"255 E Basse Rd, Ste 130, San Antonio, TX 78209",(210) 826-4676
El Paso,"100 Pitt St, El Paso, TX 79912",(915) 236-1420
Canyon Corners,"6598 N Landmark Dr, Park City, UT 84098",(435) 575-0200
Sugar House,"1131 E Wilmington Ave, Salt Lake City, UT 84106",(801) 359-7913
Cottonwood Heights,"6930 S Highland Dr, Cottonwood Heights, UT 84121",(801) 733-9455
Trolley Square,"544 S 700 E, Salt Lake City, UT 84102",(801) 924-9060
Virginia Beach,"1800 Laskin Rd, Virginia Beach, VA 23454",(757) 422-0444
Charlottesville,"1797 Hydraulic Rd, Charlottesville, VA 22901",(434) 973-4900
Ashburn,"19800 Belmont Chase Dr, Unit 160, Ashburn, VA 20147",(571) 223-4440
Reston,"11660 Plaza America Dr, Reston, VA 20190",(703) 736-0600
Fair Lakes,"4501 Market Commons Dr, Fairfax, VA 22033",(703) 222-2058
Vienna,"143 Maple Ave E, Vienna, VA 22180",(703) 319-2000
Tysons Corner,"1635 Boro Place, McLean, VA 22102",(571) 634-3610
Tysons,"7511 Leesburg Pike, Falls Church, VA 22043",(703) 448-1600
Springfield Plaza,"6426 Springfield Plaza, Springfield, VA 22150",(703) 644-2500
Arlington VA,"2700 Wilson Blvd, Arlington, VA 22201",(703) 527-6596
Pentagon City,"520 12th St South, Ste 100, Arlington, VA 22202",(571) 777-3948
Old Town,"1700 Duke St, Alexandria, VA 22314",(703) 706-0891
Short Pump,"11173 W Broad St, Glen Allen, VA 23060",(804) 364-4050
Richmond VA,"2024 W Broad St, Richmond, VA 23220",(804) 956-3750
Newport News,"12090 Jefferson Ave, Ste 100, Newport News, VA 23606",(757) 947-2460
Tenleytown,"4530 40th St NW, Tenley Circle, Washington, DC 20016",(202) 237-5800
Glover Park,"2323 Wisconsin Ave, NW, Washington, DC 20007",(202) 747-5570
Historic Walter Reed,"7130 12th Street NW, Washington, DC 20012",(202) 846-6680
Foggy Bottom,"2201 I Street NW, Washington, DC 20037",(202) 296-1660
P Street,"1440 P Street NW, Washington, DC 20005",(202) 332-4300
Florida Avenue,"967 Florida Avenue NW, Washington, DC 20001",(202) 519-3400
H Street,"600 H St NE, Washington, DC 20002",(202) 469-7410
South Capitol Hill,"101 H St SE, Washington, DC 20003",(202) 469-7280
Mt. Washington,"1330 Smith Ave, Baltimore, MD 21209",(410) 532-6700
Washington Park,"1111 S Washington St, Denver, CO 80210",(303) 733-6201
Redmond,"17991 NE Redmond Way, Redmond, WA 98052",(425) 881-2600
Kirkland,"12501 120th Ave NE, Kirkland, WA 98034",(425) 979-3301
Bellevue,"888 116th Ave NE, Bellevue, WA 98004",(425) 462-1400
Lynnwood,"2800 SW 196th St, Ste 100, Lynnwood, WA 98036",(425) 775-1320
Roosevelt Square,"1026 NE 64th St, Seattle, WA 98115",(206) 985-1500
Madison Broadway,"1001 Broadway, Seattle, WA 98122",(206) 802-3720
Westlake,"2210 Westlake Ave, Seattle, WA 98121",(206) 621-9700
Interbay,"2001 15th Ave W, Seattle, WA 98119",(206) 352-5440
West Seattle,"4755 Fauntleroy Way SW, Ste 190, Seattle, WA 98116",(206) 338-5060
Bellingham Lakeway,"1030 Lakeway Dr, Bellingham, WA 98229",(360) 714-6820
Chambers Bay,"3515 Bridgeport Way W, University Place, WA 98466",(253) 534-4500
Milwaukee,"2305 N Prospect Ave, Milwaukee, WI 53211",(414) 223-1500
Wauwatosa,"11100 W Burleigh St, Wauwatosa, WI 53222",(414) 808-3600
Madison,"4710 Madison Yards Way, Madison, WI 53705",(608) 233-9566
Jackson Wyoming,"1155 S Highway 89, Jackson, WY 83001",(307) 733-0450
